address_id,street_address,postal_city,state,zip,year_built,units,use_code,use_description,source_dataset,retrieved_at,match_status,matched_address,lon,lat,legal_city,jurisdiction_city,jurisdiction_state
A0001,6238 DE LONGPRE AVE,Los Angeles,CA,90028.0,1927.0,32.0,0500,Five or more apartments,LA County eGIS parcels,2026-10-01T22:50Z,match,"6238 DE LONGPRE AVE, LOS ANGELES, CA, 90028",-118.324865073863,34.096133031379,Los Angeles,"Los Angeles, CA",CA
A0002,1031-1035 CLINTON ST,Hoboken,NJ,7030.0,2001.0,,4C,6B-20U-G,NJOGIS Parcels & MOD-IV Composite,2026-10-01T22:50Z,match,"1035 CLINTON ST, HOBOKEN, NJ, 07030",-74.03181724923,40.74981078208,Hoboken,"Hoboken, NJ",NJ
A0003,876-878 S 14TH ST,Newark,NJ,11219.0,,,4C,4SB,NJOGIS Parcels & MOD-IV Composite,2026-10-01T22:50Z,match,"878 S 14TH ST, NEWARK, NJ, 07108",-74.210426110952,40.724856764464,Newark,"Newark, NJ",NJ
A0004,10050 MOUNTAIR AVE,Los Angeles,CA,91042.0,1964.0,39.0,0500,Five or more apartments,LA County eGIS parcels,2026-10-01T22:50Z,match,"10050 MOUNTAIR AVE, TUJUNGA, CA, 91042",-118.293109199528,34.251842346844,Tujunga,"Tujunga, CA",CA
A0005,1609 ADDISON ST,Berkeley,CA,94703.0,,,7700,Alameda County use code (5+ units),Alameda County parcels,2026-10-01T22:50Z,match,"1609 ADDISON ST, BERKELEY, CA, 94703",-122.279293972449,37.869830696926,Berkeley,"Berkeley, CA",CA
A0006,69-71 WESTLAND AV,Boston,MA,2115.0,1900.0,,A/125,SUBSD HOUSING S- 8,Boston Property Assessment FY2026,2026-10-01T22:50Z,match,"71 WESTLAND AVE, BOSTON, MA, 02115",-71.08876547331,42.343794186875,Boston,"Boston, MA",MA
A0007,4257 SAN PEDRO PL,Los Angeles,CA,90011.0,1913.0,6.0,0500,Five or more apartments,LA County eGIS parcels,2026-10-01T22:50Z,match,"4257 SAN PEDRO PL, LOS ANGELES, CA, 90011",-118.271165204282,34.006235579229,Los Angeles,"Los Angeles, CA",CA
A0008,1065 SUMMIT AVENUE,Jersey City,NJ,78746.0,,,4C,10S-B-A-151U-HE,NJOGIS Parcels & MOD-IV Composite,2026-10-01T22:50Z,match,"1065 SUMMIT AVE, JERSEY CITY, NJ, 07307",-74.049026204465,40.751069898526,Jersey City,"Jersey City, NJ",NJ
A0009,322-322.5 Western Ave,Cambridge,MA,,1915.0,6.0,111,4-8-UNIT-APT,Cambridge Property Database FY2026 (waa7-ibdu),2026-10-01T22:50Z,no_match,,,,Cambridge,"Cambridge, MA",MA
A0010,134 Oxford St,Cambridge,MA,,1915.0,6.0,111,4-8-UNIT-APT,Cambridge Property Database FY2026 (waa7-ibdu),2026-10-01T22:50Z,match,"134 OXFORD ST, CAMBRIDGE, MA, 02140",-71.1160583909,42.385333082376,Cambridge,"Cambridge, MA",MA
A0011,834-836 RAYMOND BLVD,Newark,NJ,8805.0,,,4C,3S.F.,NJOGIS Parcels & MOD-IV Composite,2026-10-01T22:50Z,match,"836 RAYMOND BLVD, NEWARK, NJ, 07105",-74.156177797252,40.732646449965,Newark,"Newark, NJ",NJ
A0012,1064 SUMMIT AVE.,Jersey City,NJ,7728.0,1900.0,,4C,3S-F-D-6U,NJOGIS Parcels & MOD-IV Composite,2026-10-01T22:50Z,match,"1064 SUMMIT AVE, JERSEY CITY, NJ, 07307",-74.048775549263,40.751188750138,Jersey City,"Jersey City, NJ",NJ
A0013,137 N 11TH ST,Newark,NJ,7107.0,,,4C,3SF,NJOGIS Parcels & MOD-IV Composite,2026-10-01T22:50Z,match,"137 N 11TH ST, NEWARK, NJ, 07107",-74.191694841632,40.759893850085,Newark,"Newark, NJ",NJ
A0014,5907 CAHUENGA BLVD,Los Angeles,CA,91601.0,1947.0,7.0,0500,Five or more apartments,LA County eGIS parcels,2026-10-01T22:50Z,match,"5907 CAHUENGA BLVD, NORTH HOLLYWOOD, CA, 91601",-118.361636078081,34.177801731811,North Hollywood,"North Hollywood, CA",CA
A0015,15 Everett St,Cambridge,MA,,1930.0,83.0,112,>8-UNIT-APT,Cambridge Property Database FY2026 (waa7-ibdu),2026-10-01T22:50Z,match,"15 EVERETT ST, CAMBRIDGE, MA, 02138",-71.118720021347,42.379980886163,Cambridge,"Cambridge, MA",MA
A0016,3515 FILLMORE ST,San Francisco,CA,,1926.0,21.0,A15,Apartment 15 Units or more,DataSF wv5m-vpq2 (2025 roll),2026-10-01T22:50Z,match,"3515 FILLMORE ST, SAN FRANCISCO, CA, 94123",-122.436684852142,37.801874337429,San Francisco,"San Francisco, CA",CA
A0017,225 DUNCAN AVE.,Jersey City,NJ,10949.0,,,4C,3S-F-D-6U-NH,NJOGIS Parcels & MOD-IV Composite,2026-10-01T22:50Z,match,"225 DUNCAN AVE, JERSEY CITY, NJ, 07306",-74.079234576768,40.7277629714,Jersey City,"Jersey City, NJ",NJ
A0018,1906 BONITA AVE,Berkeley,CA,94704.0,,,7200,Alameda County use code (5+ units),Alameda County parcels,2026-10-01T22:50Z,match,"1906 BONITA AVE, BERKELEY, CA, 94704",-122.272116073506,37.873088577747,Berkeley,"Berkeley, CA",CA
A0019,3820 HAINES ST,San Diego,CA,92109.0,,16.0,15,SANDAG asr_landuse 14-16 (5+ units),SANDAG/SanGIS parcels,2026-10-01T22:50Z,match,"3820 HAINES ST, SAN DIEGO, CA, 92109",-117.239511773112,32.788734586305,San Diego,"San Diego, CA",CA
A0020,646-648 N 6TH ST,Newark,NJ,7083.0,,,4C,Apartments (class 4C),NJOGIS Parcels & MOD-IV Composite,2026-10-01T22:50Z,match,"648 N 6TH ST, NEWARK, NJ, 07107",-74.180587460657,40.771224225449,Newark,"Newark, NJ",NJ
A0021,22 PRECITA AV,San Francisco,CA,,1963.0,6.0,A5,Apartment 5 to 14 Units,DataSF wv5m-vpq2 (2025 roll),2026-10-01T22:50Z,match,"22 PRECITA AVE, SAN FRANCISCO, CA, 94110",-122.418913690663,37.746697199975,San Francisco,"San Francisco, CA",CA
A0022,10908 HARTSOOK ST,Los Angeles,CA,91601.0,2012.0,5.0,0500,Five or more apartments,LA County eGIS parcels,2026-10-01T22:50Z,match,"10908 HARTSOOK ST, NORTH HOLLYWOOD, CA, 91601",-118.368312978253,34.163485706471,North Hollywood,"North Hollywood, CA",CA
A0023,843 IROLO ST,Los Angeles,CA,90005.0,1987.0,33.0,0500,Five or more apartments,LA County eGIS parcels,2026-10-01T22:50Z,match,"843 IROLO ST, LOS ANGELES, CA, 90005",-118.300958567015,34.0569182313,Los Angeles,"Los Angeles, CA",CA
A0024,227 Charles St,Cambridge,MA,,1920.0,6.0,111,4-8-UNIT-APT,Cambridge Property Database FY2026 (waa7-ibdu),2026-10-01T22:50Z,match,"227 CHARLES ST, CAMBRIDGE, MA, 02141",-71.084850671785,42.368207474124,Cambridge,"Cambridge, MA",MA
A0025,2341 8TH ST,Berkeley,CA,94710.0,,,7700,Alameda County use code (5+ units),Alameda County parcels,2026-10-01T22:50Z,match,"2341 8TH ST, BERKELEY, CA, 94710",-122.293815269518,37.863231048622,Berkeley,"Berkeley, CA",CA
A0026,59 OAK ST.,Jersey City,NJ,7306.0,1901.0,,4C,4S-B-D-8U-NH,NJOGIS Parcels & MOD-IV Composite,2026-10-01T22:50Z,match,"59 OAK ST, JERSEY CITY, NJ, 07304",-74.076996657496,40.713718828723,Jersey City,"Jersey City, NJ",NJ
A0027,3918 FULTON ST,San Francisco,CA,,1923.0,6.0,A5,Apartment 5 to 14 Units,DataSF wv5m-vpq2 (2025 roll),2026-10-01T22:50Z,match,"3918 FULTON ST, SAN FRANCISCO, CA, 94118",-122.473684296131,37.773108534668,San Francisco,"San Francisco, CA",CA
A0028,585 5TH ST,Newark,NJ,7107.0,,,4C,3SF3UG,NJOGIS Parcels & MOD-IV Composite,2026-10-01T22:50Z,match,"585 N 5TH ST, NEWARK, NJ, 07107",-74.180832847404,40.768516151715,Newark,"Newark, NJ",NJ
A0029,280-284 VERONA AVE,Newark,NJ,7653.0,,,4C,4SB,NJOGIS Parcels & MOD-IV Composite,2026-10-01T22:50Z,match,"284 VERONA AVE, NEWARK, NJ, 07104",-74.166168698177,40.78286229736,Newark,"Newark, NJ",NJ
A0030,2051 DIVISADERO ST,San Francisco,CA,,1908.0,5.0,FS5,Flat & Store 5 to 14 units,DataSF wv5m-vpq2 (2025 roll),2026-10-01T22:50Z,match,"2051 DIVISADERO ST, SAN FRANCISCO, CA, 94115",-122.440651886856,37.788524403095,San Francisco,"San Francisco, CA",CA
A0031,5624 S SAN PEDRO ST,Los Angeles,CA,90011.0,1911.0,5.0,0500,Five or more apartments,LA County eGIS parcels,2026-10-01T22:50Z,match,"5624 S SAN PEDRO ST, LOS ANGELES, CA, 90011",-118.270046050706,33.991312087929,Los Angeles,"Los Angeles, CA",CA
A0032,63 OAK ST.,Jersey City,NJ,8820.0,,,4C,4S-B-D-8U-NH,NJOGIS Parcels & MOD-IV Composite,2026-10-01T22:50Z,match,"63 OAK ST, JERSEY CITY, NJ, 07304",-74.077148779124,40.7137999274,Jersey City,"Jersey City, NJ",NJ
A0033,1260 KEARNY ST,San Francisco,CA,,1910.0,5.0,A5,Apartment 5 to 14 Units,DataSF wv5m-vpq2 (2025 roll),2026-10-01T22:50Z,match,"1260 KEARNY ST, SAN FRANCISCO, CA, 94133",-122.405709002561,37.79964889858,San Francisco,"San Francisco, CA",CA
A0034,25 Gore St,Cambridge,MA,,1886.0,6.0,111,4-8-UNIT-APT,Cambridge Property Database FY2026 (waa7-ibdu),2026-10-01T22:50Z,match,"25 GORE ST, CAMBRIDGE, MA, 02141",-71.079128226997,42.371703436562,Cambridge,"Cambridge, MA",MA
A0035,5239 HARMONY AVE,Los Angeles,CA,91601.0,1997.0,14.0,0500,Five or more apartments,LA County eGIS parcels,2026-10-01T22:50Z,match,"5239 HARMONY AVE, NORTH HOLLYWOOD, CA, 91601",-118.366516457468,34.165618179362,North Hollywood,"North Hollywood, CA",CA
A0036,33 WARD ST,South Boston,MA,2127.0,2019.0,,A/112,APT 7-30 UNITS,Boston Property Assessment FY2026,2026-10-01T22:50Z,match,"33 WARD ST, SOUTH BOSTON, MA, 02127",-71.054524489253,42.32946722555,South Boston,"South Boston, MA",MA
A0037,770 IROLO ST,Los Angeles,CA,90005.0,2001.0,47.0,0500,Five or more apartments,LA County eGIS parcels,2026-10-01T22:50Z,match,"770 IROLO ST, LOS ANGELES, CA, 90005",-118.300824624602,34.058302827517,Los Angeles,"Los Angeles, CA",CA
A0038,154 YUKON ST,San Francisco,CA,,1908.0,5.0,A5,Apartment 5 to 14 Units,DataSF wv5m-vpq2 (2025 roll),2026-10-01T22:50Z,match,"154 YUKON ST, SAN FRANCISCO, CA, 94114",-122.442397125228,37.757178828285,San Francisco,"San Francisco, CA",CA
A0039,1 Craigie St,Cambridge,MA,,1910.0,32.0,112,>8-UNIT-APT,Cambridge Property Database FY2026 (waa7-ibdu),2026-10-01T22:50Z,match,"1 CRAIGIE ST, CAMBRIDGE, MA, 02138",-71.125838882455,42.379449621711,Cambridge,"Cambridge, MA",MA
A0040,69-75 JACKSON ST,Hoboken,NJ,7030.0,,,4C,3B-7U/4B-24U-G,NJOGIS Parcels & MOD-IV Composite,2026-10-01T22:50Z,match,"75 JACKSON ST, HOBOKEN, NJ, 07030",-74.041089522043,40.738840718117,Hoboken,"Hoboken, NJ",NJ
A0041,122 TIFFANY AV,San Francisco,CA,,1900.0,15.0,A5,Apartment 5 to 14 Units,DataSF wv5m-vpq2 (2025 roll),2026-10-01T22:50Z,match,"122 TIFFANY AVE, SAN FRANCISCO, CA, 94110",-122.421406384884,37.744990908268,San Francisco,"San Francisco, CA",CA
A0042,320 FORREST ST.,Jersey City,NJ,7304.0,1912.0,,4C,2S-B-A-6U,NJOGIS Parcels & MOD-IV Composite,2026-10-01T22:50Z,match,"320 FORREST ST, JERSEY CITY, NJ, 07304",-74.077362139063,40.713202456168,Jersey City,"Jersey City, NJ",NJ
A0043,4 Orchard St,Cambridge,MA,,1920.0,6.0,111,4-8-UNIT-APT,Cambridge Property Database FY2026 (waa7-ibdu),2026-10-01T22:50Z,match,"4 ORCHARD ST, CAMBRIDGE, MA, 02140",-71.119075629483,42.390119763731,Cambridge,"Cambridge, MA",MA
A0044,773-775 SANDFORD AVE,Newark,NJ,11211.0,,,4C,3SB,NJOGIS Parcels & MOD-IV Composite,2026-10-01T22:50Z,match,"775 SANDFORD AVE, NEWARK, NJ, 07106",-74.237036956138,40.735737050359,Newark,"Newark, NJ",NJ
A0045,12829 BRANFORD ST,Los Angeles,CA,91331.0,1987.0,65.0,0501,Five or more apartments,LA County eGIS parcels,2026-10-01T22:50Z,match,"12829 BRANFORD ST, PACOIMA, CA, 91331",-118.41212012105,34.241771886514,Pacoima,"Pacoima, CA",CA
A0046,8-12 Soden St,Cambridge,MA,,1975.0,44.0,112,>8-UNIT-APT,Cambridge Property Database FY2026 (waa7-ibdu),2026-10-01T22:50Z,match,"12 SODEN ST, CAMBRIDGE, MA, 02139",-71.108340513884,42.365690566108,Cambridge,"Cambridge, MA",MA
A0047,14 RUTGERS AVE.,Jersey City,NJ,7304.0,1913.0,,4C,3S-B-D-6U-H,NJOGIS Parcels & MOD-IV Composite,2026-10-01T22:50Z,match,"14 RUTGERS AVE, JERSEY CITY, NJ, 07305",-74.090865859165,40.698116647571,Jersey City,"Jersey City, NJ",NJ
A0048,1619 COMMONWEALTH AV,Brighton,MA,2135.0,1899.0,,A/112,APT 7-30 UNITS,Boston Property Assessment FY2026,2026-10-01T22:50Z,match,"1619 COMMONWEALTH AVE, BRIGHTON, MA, 02135",-71.143549067491,42.343402761946,Brighton,"Brighton, MA",MA
A0049,721 CLINTON ST,Hoboken,NJ,7856.0,,,4C,3S-6U-AFFORDABL,NJOGIS Parcels & MOD-IV Composite,2026-10-01T22:50Z,match,"721 CLINTON ST, HOBOKEN, NJ, 07030",-74.033058218101,40.745798808889,Hoboken,"Hoboken, NJ",NJ
A0050,36 HOFF ST,San Francisco,CA,,1986.0,49.0,A15,Apartment 15 Units or more,DataSF wv5m-vpq2 (2025 roll),2026-10-01T22:50Z,match,"36 HOFF ST, SAN FRANCISCO, CA, 94110",-122.420573521471,37.764124413322,San Francisco,"San Francisco, CA",CA
A0051,65 OAKLAND AVE.,Jersey City,NJ,7423.0,,,4C,3S+BT-F-6U,NJOGIS Parcels & MOD-IV Composite,2026-10-01T22:50Z,match,"65 OAKLAND AVE, JERSEY CITY, NJ, 07306",-74.055436604985,40.734681117954,Jersey City,"Jersey City, NJ",NJ
A0052,88 Gardner ST,Allston,MA,2134.0,1965.0,,A/112,APT 7-30 UNITS,Boston Property Assessment FY2026,2026-10-01T22:50Z,match,"88 GARDNER ST, ALLSTON, MA, 02134",-71.125813095903,42.353518237841,Allston,"Allston, MA",MA
A0053,32 Garrison ST,Boston,MA,2116.0,1990.0,,A/120,LUXURY APARTMENT,Boston Property Assessment FY2026,2026-10-01T22:50Z,match,"32 GARRISON ST, BOSTON, MA, 02116",-71.07944707371,42.345890982312,Boston,"Boston, MA",MA
A0054,13 Shetland ST,Roxbury,MA,2119.0,2020.0,,A/112,APT 7-30 UNITS,Boston Property Assessment FY2026,2026-10-01T22:50Z,match,"13 SHETLAND ST, ROXBURY, MA, 02119",-71.068028337557,42.324986499476,Roxbury,"Roxbury, MA",MA
A0055,305 10TH AV,San Francisco,CA,,1963.0,6.0,A5,Apartment 5 to 14 Units,DataSF wv5m-vpq2 (2025 roll),2026-10-01T22:50Z,match,"305 10TH AVE, SAN FRANCISCO, CA, 94118",-122.46876702789,37.782619210817,San Francisco,"San Francisco, CA",CA
A0056,41-43 Edgerly RD,Boston,MA,2115.0,1920.0,,A/112,APT 7-30 UNITS,Boston Property Assessment FY2026,2026-10-01T22:50Z,match,"43 EDGERLY RD, BOSTON, MA, 02115",-71.087947355571,42.345644184192,Boston,"Boston, MA",MA
A0057,57 STONE ST,Newark,NJ,7012.0,,,4C,4SB,NJOGIS Parcels & MOD-IV Composite,2026-10-01T22:50Z,match,"57 STONE ST, NEWARK, NJ, 07104",-74.174377039669,40.753432421375,Newark,"Newark, NJ",NJ
A0058,3137 BOSTON AVE,San Diego,CA,92113.0,,7.0,14,SANDAG asr_landuse 14-16 (5+ units),SANDAG/SanGIS parcels,2026-10-01T22:50Z,match,"3137 BOSTON AVE, SAN DIEGO, CA, 92113",-117.126888325341,32.693817730505,San Diego,"San Diego, CA",CA
A0059,84-86 WALNUT ST,Newark,NJ,7078.0,,,4C,1SCB,NJOGIS Parcels & MOD-IV Composite,2026-10-01T22:50Z,match,"86 WALNUT ST, NEWARK, NJ, 07102",-74.170855709577,40.729215526845,Newark,"Newark, NJ",NJ
A0060,5737 WILLOWCREST AVE,Los Angeles,CA,91601.0,1962.0,8.0,0500,Five or more apartments,LA County eGIS parcels,2026-10-01T22:50Z,match,"5737 WILLOWCREST AVE, NORTH HOLLYWOOD, CA, 91601",-118.362720761505,34.174656039346,North Hollywood,"North Hollywood, CA",CA
A0061,106 18TH AV,San Francisco,CA,,1915.0,5.0,A5,Apartment 5 to 14 Units,DataSF wv5m-vpq2 (2025 roll),2026-10-01T22:50Z,match,"106 18TH AVE, SAN FRANCISCO, CA, 94121",-122.477559726965,37.785919313984,San Francisco,"San Francisco, CA",CA
A0062,77 HOFF ST,San Francisco,CA,,1906.0,6.0,A5,Apartment 5 to 14 Units,DataSF wv5m-vpq2 (2025 roll),2026-10-01T22:50Z,match,"77 HOFF ST, SAN FRANCISCO, CA, 94110",-122.420395727367,37.763766231452,San Francisco,"San Francisco, CA",CA
A0063,11 Cortes ST,Boston,MA,2116.0,1899.0,,A/112,APT 7-30 UNITS,Boston Property Assessment FY2026,2026-10-01T22:50Z,match,"11 CORTES ST, BOSTON, MA, 02116",-71.069583391995,42.348290028212,Boston,"Boston, MA",MA
A0064,24-26 Concord Ave,Cambridge,MA,,1890.0,84.0,112,>8-UNIT-APT,Cambridge Property Database FY2026 (waa7-ibdu),2026-10-01T22:50Z,match,"26 CONCORD AVE, CAMBRIDGE, MA, 02138",-71.125842851741,42.379416219968,Cambridge,"Cambridge, MA",MA
A0065,63 Bailey ST,Dorchester,MA,2124.0,,,A/120,LUXURY APARTMENT,Boston Property Assessment FY2026,2026-10-01T22:50Z,match,"63 BAILEY ST, DORCHESTER, MA, 02124",-71.066465126331,42.284452236737,Dorchester,"Dorchester, MA",MA
A0066,1318 N ORANGE DR,Los Angeles,CA,90028.0,1988.0,36.0,0500,Five or more apartments,LA County eGIS parcels,2026-10-01T22:50Z,match,"1318 N ORANGE DR, LOS ANGELES, CA, 90028",-118.341484249454,34.0947022093,Los Angeles,"Los Angeles, CA",CA
A0067,1335 N VISTA ST,Los Angeles,CA,90046.0,1954.0,8.0,0500,Five or more apartments,LA County eGIS parcels,2026-10-01T22:50Z,match,"1335 N VISTA ST, LOS ANGELES, CA, 90046",-118.351799391859,34.095045778052,Los Angeles,"Los Angeles, CA",CA
A0068,40-42 Clearway ST,Boston,MA,2115.0,1920.0,,A/112,APT 7-30 UNITS,Boston Property Assessment FY2026,2026-10-01T22:50Z,match,"42 CLEARWAY ST, BOSTON, MA, 02115",-71.085769499369,42.345336985524,Boston,"Boston, MA",MA
A0069,2277 UNION ST,San Francisco,CA,,1900.0,7.0,FS5,Flat & Store 5 to 14 units,DataSF wv5m-vpq2 (2025 roll),2026-10-01T22:50Z,match,"2277 UNION ST, SAN FRANCISCO, CA, 94123",-122.436717035924,37.796874616444,San Francisco,"San Francisco, CA",CA
A0070,43 Fayette St,Cambridge,MA,,1910.0,7.0,111,4-8-UNIT-APT,Cambridge Property Database FY2026 (waa7-ibdu),2026-10-01T22:50Z,match,"43 FAYETTE ST, CAMBRIDGE, MA, 02139",-71.103267573782,42.372611705618,Cambridge,"Cambridge, MA",MA
A0071,14.5-16 Vandine St,Cambridge,MA,,1900.0,5.0,111,4-8-UNIT-APT,Cambridge Property Database FY2026 (waa7-ibdu),2026-10-01T22:50Z,match,"16 VANDINE ST, CAMBRIDGE, MA, 02141",-71.0905953379,42.368814396347,Cambridge,"Cambridge, MA",MA
A0072,1251 10TH AV,San Francisco,CA,,1973.0,6.0,A5,Apartment 5 to 14 Units,DataSF wv5m-vpq2 (2025 roll),2026-10-01T22:50Z,match,"1251 10TH AVE, SAN FRANCISCO, CA, 94122",-122.467520089918,37.764890627041,San Francisco,"San Francisco, CA",CA
A0073,35-37 Inman St,Cambridge,MA,,1900.0,6.0,111,4-8-UNIT-APT,Cambridge Property Database FY2026 (waa7-ibdu),2026-10-01T22:50Z,match,"37 INMAN ST, CAMBRIDGE, MA, 02139",-71.103956176776,42.368713915313,Cambridge,"Cambridge, MA",MA
A0074,717 S BERENDO ST,Los Angeles,CA,90005.0,1963.0,34.0,0500,Five or more apartments,LA County eGIS parcels,2026-10-01T22:50Z,match,"717 S BERENDO ST, LOS ANGELES, CA, 90005",-118.294210099909,34.059391478589,Los Angeles,"Los Angeles, CA",CA
A0075,27 Everett St,Cambridge,MA,,1880.0,10.0,112,>8-UNIT-APT,Cambridge Property Database FY2026 (waa7-ibdu),2026-10-01T22:50Z,match,"27 EVERETT ST, CAMBRIDGE, MA, 02138",-71.117508170008,42.379922700614,Cambridge,"Cambridge, MA",MA
A0076,304 E KINNEY ST,Newark,NJ,7033.0,,,4C,3SB2UG,NJOGIS Parcels & MOD-IV Composite,2026-10-01T22:50Z,match,"304 E KINNEY ST, NEWARK, NJ, 07105",-74.162836470045,40.724076460199,Newark,"Newark, NJ",NJ
A0077,91 Brookline St,Cambridge,MA,,1902.0,6.0,111,4-8-UNIT-APT,Cambridge Property Database FY2026 (waa7-ibdu),2026-10-01T22:50Z,match,"91 BROOKLINE ST, CAMBRIDGE, MA, 02139",-71.103733351887,42.361566486333,Cambridge,"Cambridge, MA",MA
A0078,115 BAYVIEW AVE.,Jersey City,NJ,7304.0,,,4C,4S-B-A-16U-H,NJOGIS Parcels & MOD-IV Composite,2026-10-01T22:50Z,match,"115 BAYVIEW AVE, JERSEY CITY, NJ, 07305",-74.080499166258,40.705324743987,Jersey City,"Jersey City, NJ",NJ
A0079,2361 PORTLAND ST,Los Angeles,CA,90007.0,1912.0,9.0,0500,Five or more apartments,LA County eGIS parcels,2026-10-01T22:50Z,match,"2361 PORTLAND ST, LOS ANGELES, CA, 90007",-118.282094130957,34.032231820463,Los Angeles,"Los Angeles, CA",CA
A0080,690 S CATALINA ST,Los Angeles,CA,90005.0,2002.0,90.0,0500,Five or more apartments,LA County eGIS parcels,2026-10-01T22:50Z,match,"690 S CATALINA ST, LOS ANGELES, CA, 90005",-118.295327996925,34.060127849082,Los Angeles,"Los Angeles, CA",CA
A0081,145 TAYLOR ST,San Francisco,CA,,2005.0,69.0,A15,Apartment 15 Units or more,DataSF wv5m-vpq2 (2025 roll),2026-10-01T22:50Z,match,"145 TAYLOR ST, SAN FRANCISCO, CA, 94102",-122.410947938983,37.783758897294,San Francisco,"San Francisco, CA",CA
A0082,63 Inman St,Cambridge,MA,,1880.0,16.0,112,>8-UNIT-APT,Cambridge Property Database FY2026 (waa7-ibdu),2026-10-01T22:50Z,match,"63 INMAN ST, CAMBRIDGE, MA, 02139",-71.102833387558,42.370344257321,Cambridge,"Cambridge, MA",MA
A0083,38 KENILWORTH ST,Roxbury,MA,2119.0,1890.0,,A/125,SUBSD HOUSING S- 8,Boston Property Assessment FY2026,2026-10-01T22:50Z,match,"38 KENILWORTH ST, ROXBURY, MA, 02119",-71.087424612529,42.328651609512,Roxbury,"Roxbury, MA",MA
A0084,1725 CHESTNUT ST,San Francisco,CA,,1908.0,5.0,A5,Apartment 5 to 14 Units,DataSF wv5m-vpq2 (2025 roll),2026-10-01T22:50Z,match,"1725 CHESTNUT ST, SAN FRANCISCO, CA, 94123",-122.431739349227,37.801332618559,San Francisco,"San Francisco, CA",CA
A0085,1101 CHURCH ST,San Francisco,CA,,1926.0,6.0,A5,Apartment 5 to 14 Units,DataSF wv5m-vpq2 (2025 roll),2026-10-01T22:50Z,match,"1101 CHURCH ST, SAN FRANCISCO, CA, 94114",-122.427505338235,37.753239144697,San Francisco,"San Francisco, CA",CA
A0086,67 Plymouth St,Cambridge,MA,,1837.0,5.0,111,4-8-UNIT-APT,Cambridge Property Database FY2026 (waa7-ibdu),2026-10-01T22:50Z,match,"67 PLYMOUTH ST, CAMBRIDGE, MA, 02141",-71.093495991755,42.369083221693,Cambridge,"Cambridge, MA",MA
A0087,323 BLOOMFIELD ST,Hoboken,NJ,7504.0,,,4C,"2,4B-16U-H-X",NJOGIS Parcels & MOD-IV Composite,2026-10-01T22:50Z,match,"323 BLOOMFIELD ST, HOBOKEN, NJ, 07030",-74.030768159948,40.740414697817,Hoboken,"Hoboken, NJ",NJ
A0088,201 CLEMENT ST,San Francisco,CA,,1908.0,9.0,FS5,Flat & Store 5 to 14 units,DataSF wv5m-vpq2 (2025 roll),2026-10-01T22:50Z,match,"201 CLEMENT ST, SAN FRANCISCO, CA, 94118",-122.461275217487,37.783026502307,San Francisco,"San Francisco, CA",CA
A0089,935 PARK AVE,Hoboken,NJ,7030.0,,,4C,5B-10U-H-BA,NJOGIS Parcels & MOD-IV Composite,2026-10-01T22:50Z,match,"935 PARK AVE, HOBOKEN, NJ, 07030",-74.030368120288,40.748211954503,Hoboken,"Hoboken, NJ",NJ
A0090,30 JACKSON ST,Newark,NJ,7105.0,,,4C,3S.F.,NJOGIS Parcels & MOD-IV Composite,2026-10-01T22:50Z,match,"30 JACKSON ST, NEWARK, NJ, 07105",-74.155787524567,40.731204856376,Newark,"Newark, NJ",NJ
A0091,2229 DWIGHT WAY,Berkeley,CA,94704.0,,,7700,Alameda County use code (5+ units),Alameda County parcels,2026-10-01T22:50Z,match,"2229 DWIGHT WAY, BERKELEY, CA, 94704",-122.264605312198,37.864405329327,Berkeley,"Berkeley, CA",CA
A0092,2514 PIEDMONT AVE,Berkeley,CA,94704.0,,,7700,Alameda County use code (5+ units),Alameda County parcels,2026-10-01T22:50Z,match,"2514 PIEDMONT AVE, BERKELEY, CA, 94704",-122.251697248224,37.865583367618,Berkeley,"Berkeley, CA",CA
A0093,90 BICKFORD ST,Jamaica Plain,MA,2130.0,2004.0,,A/118,ELDERLY HOME,Boston Property Assessment FY2026,2026-10-01T22:50Z,match,"90 BICKFORD ST, JAMAICA PLAIN, MA, 02130",-71.101924371068,42.324002818423,Jamaica Plain,"Jamaica Plain, MA",MA
A0094,1371 27TH ST,San Diego,CA,92154.0,,88.0,16,SANDAG asr_landuse 14-16 (5+ units),SANDAG/SanGIS parcels,2026-10-01T22:50Z,match,"1371 27TH ST, SAN DIEGO, CA, 92154",-117.075371141803,32.571862077109,San Diego,"San Diego, CA",CA
A0095,23 Elm St,Cambridge,MA,,1900.0,6.0,111,4-8-UNIT-APT,Cambridge Property Database FY2026 (waa7-ibdu),2026-10-01T22:50Z,match,"23 ELM ST, CAMBRIDGE, MA, 02139",-71.098495150944,42.367845841037,Cambridge,"Cambridge, MA",MA
A0096,81 WESTLAND AV,Boston,MA,2115.0,1910.0,,A/125,SUBSD HOUSING S- 8,Boston Property Assessment FY2026,2026-10-01T22:50Z,match,"81 WESTLAND AVE, BOSTON, MA, 02115",-71.089157903457,42.343854353427,Boston,"Boston, MA",MA
A0097,1560 MASON ST,San Francisco,CA,,1907.0,8.0,FS5,Flat & Store 5 to 14 units,DataSF wv5m-vpq2 (2025 roll),2026-10-01T22:50Z,match,"1560 MASON ST, SAN FRANCISCO, CA, 94133",-122.411949673166,37.79780463687,San Francisco,"San Francisco, CA",CA
A0098,WILLOWWOOD ST,Dorchester,MA,2124.0,,,A/125,SUBSD HOUSING S- 8,Boston Property Assessment FY2026,2026-10-01T22:50Z,no_match,,,,Dorchester,"Dorchester, MA",MA
A0099,822 WASHINGTON ST,Hoboken,NJ,7458.0,,,4C,4B-5U-H-BA,NJOGIS Parcels & MOD-IV Composite,2026-10-01T22:50Z,match,"822 WASHINGTON ST, HOBOKEN, NJ, 07030",-74.028270964888,40.746308514721,Hoboken,"Hoboken, NJ",NJ
A0100,4732 BANCROFT ST,San Diego,CA,92116.0,,7.0,14,SANDAG asr_landuse 14-16 (5+ units),SANDAG/SanGIS parcels,2026-10-01T22:50Z,match,"4732 BANCROFT ST, SAN DIEGO, CA, 92116",-117.123977567896,32.764095185337,San Diego,"San Diego, CA",CA
A0101,315-319 FAIRMOUNT AVENUE,Jersey City,NJ,7039.0,,,4C,2-4S-B-A-26U-H,NJOGIS Parcels & MOD-IV Composite,2026-10-01T22:50Z,match,"319 FAIRMOUNT AVE, JERSEY CITY, NJ, 07306",-74.070809872433,40.725229747686,Jersey City,"Jersey City, NJ",NJ
A0102,124 BLOOMFIELD ST,Hoboken,NJ,10003.0,,,4C,4B-5U-H-BA,NJOGIS Parcels & MOD-IV Composite,2026-10-01T22:50Z,match,"124 BLOOMFIELD ST, HOBOKEN, NJ, 07030",-74.031684861444,40.737933172158,Hoboken,"Hoboken, NJ",NJ
A0103,2161 ALLSTON WAY,Berkeley,CA,94704.0,,,7700,Alameda County use code (5+ units),Alameda County parcels,2026-10-01T22:50Z,match,"2161 ALLSTON WAY, BERKELEY, CA, 94704",-122.266218694007,37.869701586713,Berkeley,"Berkeley, CA",CA
A0104,409 5TH ST,Newark,NJ,7012.0,,,4C,3SB,NJOGIS Parcels & MOD-IV Composite,2026-10-01T22:50Z,match,"409 N 5TH ST, NEWARK, NJ, 07107",-74.184328525177,40.761814283797,Newark,"Newark, NJ",NJ
A0105,140 PORTOLA DR,San Francisco,CA,,2019.0,7.0,A5,Apartment 5 to 14 Units,DataSF wv5m-vpq2 (2025 roll),2026-10-01T22:50Z,match,"140 PORTOLA DR, SAN FRANCISCO, CA, 94131",-122.444191229026,37.748652213279,San Francisco,"San Francisco, CA",CA
A0106,250 FREMONT ST,San Francisco,CA,,,60.0,A15,Apartment 15 Units or more,DataSF wv5m-vpq2 (2025 roll),2026-10-01T22:50Z,match,"250 FREMONT ST, SAN FRANCISCO, CA, 94105",-122.394074444911,37.788294915739,San Francisco,"San Francisco, CA",CA
A0107,10635 SHERMAN GROVE AVE,Los Angeles,CA,91040.0,1978.0,20.0,0500,Five or more apartments,LA County eGIS parcels,2026-10-01T22:50Z,match,"10635 SHERMAN GROVE AVE, SUNLAND, CA, 91040",-118.32017657606,34.262255890509,Sunland,"Sunland, CA",CA
A0108,13 JEFFERSON AVE.,Jersey City,NJ,7030.0,,,4C,3S-B-D-6U-H,NJOGIS Parcels & MOD-IV Composite,2026-10-01T22:50Z,match,"13 JEFFERSON AVE, JERSEY CITY, NJ, 07306",-74.049970012264,40.736287315576,Jersey City,"Jersey City, NJ",NJ
A0109,2922 OTIS ST,Berkeley,CA,94703.0,,,7700,Alameda County use code (5+ units),Alameda County parcels,2026-10-01T22:50Z,match,"2922 OTIS ST, BERKELEY, CA, 94703",-122.270269918923,37.8558347046,Berkeley,"Berkeley, CA",CA
A0110,130-132 2ND AVE,Newark,NJ,7055.0,,,4C,3SF,NJOGIS Parcels & MOD-IV Composite,2026-10-01T22:50Z,match,"132 2ND AVE, NEWARK, NJ, 07104",-74.174745021871,40.763265479466,Newark,"Newark, NJ",NJ
A0111,10075 TUJUNGA CANYON BLVD,Los Angeles,CA,91042.0,1984.0,40.0,0500,Five or more apartments,LA County eGIS parcels,2026-10-01T22:50Z,match,"10075 TUJUNGA CANYON BLVD, TUJUNGA, CA, 91042",-118.284430355327,34.249924250911,Tujunga,"Tujunga, CA",CA
A0112,448 BRODERICK ST,San Francisco,CA,,1905.0,9.0,A5,Apartment 5 to 14 Units,DataSF wv5m-vpq2 (2025 roll),2026-10-01T22:50Z,match,"448 BRODERICK ST, SAN FRANCISCO, CA, 94117",-122.439298239317,37.77431322716,San Francisco,"San Francisco, CA",CA
A0113,3151 ETON AVE,Berkeley,CA,94705.0,,,7700,Alameda County use code (5+ units),Alameda County parcels,2026-10-01T22:50Z,match,"3151 ETON AVE, BERKELEY, CA, 94705",-122.250637537308,37.853156920269,Berkeley,"Berkeley, CA",CA
A0114,3743 INDIA ST,San Diego,CA,92103.0,,6.0,14,SANDAG asr_landuse 14-16 (5+ units),SANDAG/SanGIS parcels,2026-10-01T22:50Z,match,"3743 INDIA ST, SAN DIEGO, CA, 92103",-117.180736253153,32.74279009558,San Diego,"San Diego, CA",CA
A0115,397 05TH AV,San Francisco,CA,,1900.0,6.0,FS5,Flat & Store 5 to 14 units,DataSF wv5m-vpq2 (2025 roll),2026-10-01T22:50Z,no_match,,,,San Francisco,"San Francisco, CA",CA
A0116,36 PROSPECT ST.,Jersey City,NJ,7111.0,1923.0,,4C,3S-F-D-6U-H,NJOGIS Parcels & MOD-IV Composite,2026-10-01T22:50Z,match,"36 PROSPECT ST, JERSEY CITY, NJ, 07307",-74.049245065733,40.73782973401,Jersey City,"Jersey City, NJ",NJ
A0117,1733 N CHEROKEE AVE,Los Angeles,CA,90028.0,1924.0,40.0,0500,Five or more apartments,LA County eGIS parcels,2026-10-01T22:50Z,match,"1733 N CHEROKEE AVE, LOS ANGELES, CA, 90028",-118.334821278665,34.102120911287,Los Angeles,"Los Angeles, CA",CA
A0118,18-34 KINGBIRD RD,Dorchester,MA,2124.0,2009.0,,A/125,SUBSD HOUSING S- 8,Boston Property Assessment FY2026,2026-10-01T22:50Z,match,"34 KINGBIRD RD, DORCHESTER, MA, 02124",-71.093533488467,42.292350464404,Dorchester,"Dorchester, MA",MA
A0119,607 ADAMS ST,Hoboken,NJ,7030.0,,,4C,2F-4U/2F-2U,NJOGIS Parcels & MOD-IV Composite,2026-10-01T22:50Z,match,"607 ADAMS ST, HOBOKEN, NJ, 07030",-74.035368051004,40.744671445285,Hoboken,"Hoboken, NJ",NJ
A0120,139 ELM ST,Newark,NJ,7105.0,,,4C,3SF,NJOGIS Parcels & MOD-IV Composite,2026-10-01T22:50Z,match,"139 ELM ST, NEWARK, NJ, 07105",-74.165047104124,40.72835234588,Newark,"Newark, NJ",NJ
A0121,4079 FRONT ST,San Diego,CA,92103.0,,22.0,15,SANDAG asr_landuse 14-16 (5+ units),SANDAG/SanGIS parcels,2026-10-01T22:50Z,match,"4079 FRONT ST, SAN DIEGO, CA, 92103",-117.16494526813,32.751421595306,San Diego,"San Diego, CA",CA
A0122,4812 S BROADWAY,Los Angeles,CA,90037.0,1909.0,8.0,0500,Five or more apartments,LA County eGIS parcels,2026-10-01T22:50Z,match,"4812 S BROADWAY, LOS ANGELES, CA, 90037",-118.278252342985,33.999020066962,Los Angeles,"Los Angeles, CA",CA
A0123,123 Condor ST,East Boston,MA,2128.0,2013.0,,A/125,SUBSD HOUSING S- 8,Boston Property Assessment FY2026,2026-10-01T22:50Z,match,"123 CONDOR ST, EAST BOSTON, MA, 02128",-71.035437146913,42.382539410028,East Boston,"East Boston, MA",MA
A0124,33-35 Brookline St,Cambridge,MA,,1929.0,16.0,112,>8-UNIT-APT,Cambridge Property Database FY2026 (waa7-ibdu),2026-10-01T22:50Z,match,"35 BROOKLINE ST, CAMBRIDGE, MA, 02139",-71.102457805365,42.362941773312,Cambridge,"Cambridge, MA",MA
A0125,227 GRAND ST,Hoboken,NJ,7030.0,,,4C,5B-5U-H-(CO-OP),NJOGIS Parcels & MOD-IV Composite,2026-10-01T22:50Z,match,"227 GRAND ST, HOBOKEN, NJ, 07030",-74.035814894303,40.740020460669,Hoboken,"Hoboken, NJ",NJ
A0126,1350 POTRERO AV,San Francisco,CA,,1927.0,8.0,A5,Apartment 5 to 14 Units,DataSF wv5m-vpq2 (2025 roll),2026-10-01T22:50Z,match,"1350 POTRERO AVE, SAN FRANCISCO, CA, 94110",-122.406250403098,37.750954392609,San Francisco,"San Francisco, CA",CA
A0127,10029 SEPULVEDA BLVD,Los Angeles,CA,91345.0,1964.0,5.0,050C,Five or more apartments,LA County eGIS parcels,2026-10-01T22:50Z,match,"10029 N SEPULVEDA BLVD, MISSION HILLS, CA, 91345",-118.467596873721,34.252367056179,Mission Hills,"Mission Hills, CA",CA
A0128,Harvard ST,Dorchester,MA,2124.0,,,A/125,SUBSD HOUSING S- 8,Boston Property Assessment FY2026,2026-10-01T22:50Z,no_match,,,,Dorchester,"Dorchester, MA",MA
A0129,526-532 MULBERRY ST,Newark,NJ,7039.0,,,4C,3SB1UG,NJOGIS Parcels & MOD-IV Composite,2026-10-01T22:50Z,match,"532 MULBERRY ST, NEWARK, NJ, 07114",-74.176858130312,40.719764997574,Newark,"Newark, NJ",NJ
A0130,554 MARKET ST,Newark,NJ,7205.0,,,4C,3S.B.,NJOGIS Parcels & MOD-IV Composite,2026-10-01T22:50Z,match,"554 MARKET ST, NEWARK, NJ, 07105",-74.154426811823,40.731588087906,Newark,"Newark, NJ",NJ
A0131,43 POPLAR ST.,Jersey City,NJ,7307.0,1900.0,,4C,3S-F-D-6U,NJOGIS Parcels & MOD-IV Composite,2026-10-01T22:50Z,match,"43 POPLAR ST, JERSEY CITY, NJ, 07307",-74.046101194189,40.754136146986,Jersey City,"Jersey City, NJ",NJ
A0132,587 N 6TH ST,Newark,NJ,11205.0,,,4C,3SB,NJOGIS Parcels & MOD-IV Composite,2026-10-01T22:50Z,match,"587 N 6TH ST, NEWARK, NJ, 07107",-74.181410596224,40.76934816412,Newark,"Newark, NJ",NJ
A0133,8819 LANKERSHIM BLVD,Los Angeles,CA,91352.0,1956.0,6.0,0500,Five or more apartments,LA County eGIS parcels,2026-10-01T22:50Z,match,"8819 LANKERSHIM BLVD, SUN VALLEY, CA, 91352",-118.387834588124,34.229428423859,Sun Valley,"Sun Valley, CA",CA
A0134,101 Norfolk ST,Dorchester,MA,2124.0,1899.0,,A/125,SUBSD HOUSING S- 8,Boston Property Assessment FY2026,2026-10-01T22:50Z,match,"101 NORFOLK ST, DORCHESTER, MA, 02124",-71.076008765993,42.288488914986,Dorchester,"Dorchester, MA",MA
A0135,843 CLAY ST,San Francisco,CA,,1908.0,29.0,A15,Apartment 15 Units or more,DataSF wv5m-vpq2 (2025 roll),2026-10-01T22:50Z,match,"843 CLAY ST, SAN FRANCISCO, CA, 94108",-122.40698604858,37.794118952125,San Francisco,"San Francisco, CA",CA
A0136,920 HUDSON ST,Hoboken,NJ,7030.0,,,4C,5B-26U-H-CO-OP,NJOGIS Parcels & MOD-IV Composite,2026-10-01T22:50Z,match,"920 HUDSON ST, HOBOKEN, NJ, 07030",-74.026733524669,40.747367988246,Hoboken,"Hoboken, NJ",NJ
A0137,65-71 NORFLOK ST,Newark,NJ,7003.0,,,4C,3SF5UG,NJOGIS Parcels & MOD-IV Composite,2026-10-01T22:50Z,match,"71 NORFOLK ST, NEWARK, NJ, 07103",-74.182685493475,40.74650540714,Newark,"Newark, NJ",NJ
A0138,1033 E 51ST ST,Los Angeles,CA,90011.0,1959.0,5.0,0500,Five or more apartments,LA County eGIS parcels,2026-10-01T22:50Z,match,"1033 E 51ST ST, LOS ANGELES, CA, 90011",-118.257577562794,33.996685074769,Los Angeles,"Los Angeles, CA",CA
A0139,54 STUYVESANT AVE.,Jersey City,NJ,7042.0,1910.0,,4C,3S-F-5U-NH,NJOGIS Parcels & MOD-IV Composite,2026-10-01T22:50Z,match,"54 STUYVESANT AVE, JERSEY CITY, NJ, 07306",-74.071034378592,40.729943720291,Jersey City,"Jersey City, NJ",NJ
A0140,459 BEACON ST,Boston,MA,2115.0,1910.0,,A/112,APT 7-30 UNITS,Boston Property Assessment FY2026,2026-10-01T22:50Z,match,"459 BEACON ST, BOSTON, MA, 02115",-71.088098655836,42.351156189935,Boston,"Boston, MA",MA
A0141,2601 43RD AV,San Francisco,CA,,1974.0,8.0,A5,Apartment 5 to 14 Units,DataSF wv5m-vpq2 (2025 roll),2026-10-01T22:50Z,match,"2601 43RD AVE, SAN FRANCISCO, CA, 94116",-122.501210314083,37.73813158911,San Francisco,"San Francisco, CA",CA
A0142,4615 AVALON BLVD,Los Angeles,CA,90011.0,1957.0,8.0,0500,Five or more apartments,LA County eGIS parcels,2026-10-01T22:50Z,match,"4615 AVALON BLVD, LOS ANGELES, CA, 90011",-118.265290530936,34.001426079007,Los Angeles,"Los Angeles, CA",CA
A0143,75 ELM HILL AV,Dorchester,MA,2121.0,,,A/125,SUBSD HOUSING S- 8,Boston Property Assessment FY2026,2026-10-01T22:50Z,match,"75 ELM HILL AVE, DORCHESTER, MA, 02121",-71.087061380822,42.310212727666,Dorchester,"Dorchester, MA",MA
A0144,112-114 Amory ST,Roxbury,MA,2119.0,1910.0,,A/112,APT 7-30 UNITS,Boston Property Assessment FY2026,2026-10-01T22:50Z,match,"114 AMORY ST, ROXBURY, MA, 02119",-71.100197786289,42.319506233426,Roxbury,"Roxbury, MA",MA
A0145,4515 FELTON ST,San Diego,CA,92116.0,,8.0,14,SANDAG asr_landuse 14-16 (5+ units),SANDAG/SanGIS parcels,2026-10-01T22:50Z,match,"4515 FELTON ST, SAN DIEGO, CA, 92116",-117.121714561521,32.759371284084,San Diego,"San Diego, CA",CA
A0146,93-95 HAWKINS ST,Newark,NJ,7105.0,,,4C,2SF3UG,NJOGIS Parcels & MOD-IV Composite,2026-10-01T22:50Z,match,"93-95 HAWKINS ST, NEWARK, NJ, 07105",-74.138947612797,40.727984681112,Newark,"Newark, NJ",NJ
A0147,2850 GOLDEN GATE AV,San Francisco,CA,,1900.0,5.0,A5,Apartment 5 to 14 Units,DataSF wv5m-vpq2 (2025 roll),2026-10-01T22:50Z,match,"2850 GOLDEN GATE AVE, SAN FRANCISCO, CA, 94118",-122.457612633148,37.776358944957,San Francisco,"San Francisco, CA",CA
A0148,162-166 5TH ST,Newark,NJ,7105.0,,,4C,2.5SF,NJOGIS Parcels & MOD-IV Composite,2026-10-01T22:50Z,match,"166 5TH ST, NEWARK, NJ, 07107",-74.190058099169,40.751386045226,Newark,"Newark, NJ",NJ
A0149,25 Everett ST,East Boston,MA,2128.0,2023.0,,A/120,LUXURY APARTMENT,Boston Property Assessment FY2026,2026-10-01T22:50Z,match,"25 EVERETT ST, EAST BOSTON, MA, 02128",-71.036711056222,42.368309769533,East Boston,"East Boston, MA",MA
A0150,3784 E BROADWAY,San Diego,CA,92102.0,,9.0,14,SANDAG asr_landuse 14-16 (5+ units),SANDAG/SanGIS parcels,2026-10-01T22:50Z,match,"3784 BROADWAY, SAN DIEGO, CA, 92102",-117.11184048031,32.716024799043,San Diego,"San Diego, CA",CA
A0151,16 Queensberry ST,Boston,MA,2215.0,1899.0,,A/112,APT 7-30 UNITS,Boston Property Assessment FY2026,2026-10-01T22:50Z,match,"16 QUEENSBERRY ST, BOSTON, MA, 02215",-71.095965021374,42.343098317562,Boston,"Boston, MA",MA
A0152,1669 SUNSET CLIFFS BLVD,San Diego,CA,92107.0,,12.0,14,SANDAG asr_landuse 14-16 (5+ units),SANDAG/SanGIS parcels,2026-10-01T22:50Z,match,"1669 SUNSET CLIFFS BLVD, SAN DIEGO, CA, 92107",-117.25076493005,32.74094590948,San Diego,"San Diego, CA",CA
A0153,366 E 55TH ST,Los Angeles,CA,90011.0,1924.0,9.0,0500,Five or more apartments,LA County eGIS parcels,2026-10-01T22:50Z,match,"366 E 55TH ST, LOS ANGELES, CA, 90011",-118.268297439622,33.992394354537,Los Angeles,"Los Angeles, CA",CA
A0154,4568 IDAHO ST,San Diego,CA,92116.0,,8.0,14,SANDAG asr_landuse 14-16 (5+ units),SANDAG/SanGIS parcels,2026-10-01T22:50Z,match,"4568 IDAHO ST, SAN DIEGO, CA, 92116",-117.133977948208,32.760412374063,San Diego,"San Diego, CA",CA
A0155,473 Harvard ST,Dorchester,MA,2124.0,,,A/125,SUBSD HOUSING S- 8,Boston Property Assessment FY2026,2026-10-01T22:50Z,match,"473 HARVARD ST, DORCHESTER, MA, 02124",-71.09239312943,42.288741879366,Dorchester,"Dorchester, MA",MA
A0156,290 GREEN ST,San Francisco,CA,,1927.0,9.0,A5,Apartment 5 to 14 Units,DataSF wv5m-vpq2 (2025 roll),2026-10-01T22:50Z,no_match,,,,San Francisco,"San Francisco, CA",CA
A0157,2701 RIDGE RD,Berkeley,CA,94709.0,,,7700,Alameda County use code (5+ units),Alameda County parcels,2026-10-01T22:50Z,match,"2701 RIDGE RD, BERKELEY, CA, 94709",-122.257026606732,37.876494513292,Berkeley,"Berkeley, CA",CA
A0158,2522 HILGARD AVE,Berkeley,CA,94709.0,,,7700,Alameda County use code (5+ units),Alameda County parcels,2026-10-01T22:50Z,match,"2522 HILGARD AVE, BERKELEY, CA, 94709",-122.260493108118,37.878591221585,Berkeley,"Berkeley, CA",CA
A0159,104 SUNSET AVE,Newark,NJ,11211.0,,,4C,3SF,NJOGIS Parcels & MOD-IV Composite,2026-10-01T22:50Z,match,"104 SUNSET AVE, NEWARK, NJ, 07106",-74.226709353047,40.74245866913,Newark,"Newark, NJ",NJ
A0160,86 CHARLES ST.,Jersey City,NJ,7642.0,1918.0,,4C,3S-B-A-22U,NJOGIS Parcels & MOD-IV Composite,2026-10-01T22:50Z,match,"86 CHARLES ST, JERSEY CITY, NJ, 07307",-74.05173810144,40.749433761671,Jersey City,"Jersey City, NJ",NJ
A0161,317 UNION ST.,Jersey City,NJ,7013.0,1930.0,,4C,4S-B-A-21U-H,NJOGIS Parcels & MOD-IV Composite,2026-10-01T22:50Z,match,"317 UNION ST, JERSEY CITY, NJ, 07304",-74.083091056543,40.717916452711,Jersey City,"Jersey City, NJ",NJ
A0162,1640 N POINSETTIA PL,Los Angeles,CA,90046.0,1987.0,24.0,0500,Five or more apartments,LA County eGIS parcels,2026-10-01T22:50Z,match,"1640 N POINSETTIA PL, LOS ANGELES, CA, 90046",-118.347788965715,34.100552498586,Los Angeles,"Los Angeles, CA",CA
A0163,233-235 SECOND ST.,Jersey City,NJ,7042.0,1870.0,,4C,3&4S-B&F-14U,NJOGIS Parcels & MOD-IV Composite,2026-10-01T22:50Z,match,"235 2ND ST, JERSEY CITY, NJ, 07302",-74.043552476848,40.722395074274,Jersey City,"Jersey City, NJ",NJ
A0164,725 14TH ST,San Francisco,CA,,1911.0,6.0,A5,Apartment 5 to 14 Units,DataSF wv5m-vpq2 (2025 roll),2026-10-01T22:50Z,match,"725 14TH ST, SAN FRANCISCO, CA, 94114",-122.42951948205,37.76763837901,San Francisco,"San Francisco, CA",CA
A0165,734 JAMAICA CT,San Diego,CA,92109.0,,8.0,14,SANDAG asr_landuse 14-16 (5+ units),SANDAG/SanGIS parcels,2026-10-01T22:50Z,match,"734 JAMAICA CT, SAN DIEGO, CA, 92109",-117.252245356556,32.773642646317,San Diego,"San Diego, CA",CA
A0166,1 Potter Pk,Cambridge,MA,,1900.0,5.0,111,4-8-UNIT-APT,Cambridge Property Database FY2026 (waa7-ibdu),2026-10-01T22:50Z,match,"1 POTTER PARK, CAMBRIDGE, MA, 02138",-71.12020099261,42.384310248934,Cambridge,"Cambridge, MA",MA
A0167,4616 FLORIDA ST,San Diego,CA,92116.0,,20.0,15,SANDAG asr_landuse 14-16 (5+ units),SANDAG/SanGIS parcels,2026-10-01T22:50Z,match,"4616 FLORIDA ST, SAN DIEGO, CA, 92116",-117.143850889032,32.76124264042,San Diego,"San Diego, CA",CA
A0168,600 JACKSON/601 HARRISON,Hoboken,NJ,7030.0,2007.0,,4C,5B-64U/5B-64U-G,NJOGIS Parcels & MOD-IV Composite,2026-10-01T22:50Z,no_match,,,,Hoboken,"Hoboken, NJ",NJ
A0169,115 KILSYTH RD,Brighton,MA,2135.0,1920.0,,A/112,APT 7-30 UNITS,Boston Property Assessment FY2026,2026-10-01T22:50Z,match,"115 KILSYTH RD, BRIGHTON, MA, 02135",-71.146633078674,42.340367940381,Brighton,"Brighton, MA",MA
A0170,8917 CEDROS AVE,Los Angeles,CA,91402.0,1990.0,32.0,0500,Five or more apartments,LA County eGIS parcels,2026-10-01T22:50Z,match,"8917 CEDROS AVE, PANORAMA CITY, CA, 91402",-118.453618335394,34.232064015614,Panorama City,"Panorama City, CA",CA
A0171,127 OGDEN AVE.,Jersey City,NJ,7660.0,1910.0,,4C,3S-B-D-7U-NH,NJOGIS Parcels & MOD-IV Composite,2026-10-01T22:50Z,match,"127 OGDEN AVE, JERSEY CITY, NJ, 07307",-74.04663280324,40.738902438048,Jersey City,"Jersey City, NJ",NJ
A0172,8504 WILLIS AVE,Los Angeles,CA,91402.0,1960.0,33.0,0500,Five or more apartments,LA County eGIS parcels,2026-10-01T22:50Z,match,"8504 WILLIS AVE, PANORAMA CITY, CA, 91402",-118.455218605953,34.224850838975,Panorama City,"Panorama City, CA",CA
A0173,13180 FOOTHILL BLVD,Los Angeles,CA,91342.0,1937.0,9.0,0500,Five or more apartments,LA County eGIS parcels,2026-10-01T22:50Z,match,"13180 FOOTHILL BLVD, SYLMAR, CA, 91342",-118.421538456805,34.299371281369,Sylmar,"Sylmar, CA",CA
A0174,84 Hampshire St,Cambridge,MA,,1900.0,19.0,112,>8-UNIT-APT,Cambridge Property Database FY2026 (waa7-ibdu),2026-10-01T22:50Z,match,"84 HAMPSHIRE ST, CAMBRIDGE, MA, 02139",-71.0943940217,42.368359091009,Cambridge,"Cambridge, MA",MA
A0175,10 Dover St,Cambridge,MA,,1922.0,6.0,111,4-8-UNIT-APT,Cambridge Property Database FY2026 (waa7-ibdu),2026-10-01T22:50Z,match,"10 DOVER ST, CAMBRIDGE, MA, 02140",-71.126686968537,42.394678131873,Cambridge,"Cambridge, MA",MA
A0176,15 Chester St,Cambridge,MA,,1965.0,29.0,112,>8-UNIT-APT,Cambridge Property Database FY2026 (waa7-ibdu),2026-10-01T22:50Z,match,"15 CHESTER ST, CAMBRIDGE, MA, 02140",-71.124477534158,42.393657148181,Cambridge,"Cambridge, MA",MA
A0177,166 HIGHLAND AVE.,Jersey City,NJ,11201.0,1912.0,,4C,3S-F-D-6U-NH,NJOGIS Parcels & MOD-IV Composite,2026-10-01T22:50Z,match,"166 HIGHLAND AVE, JERSEY CITY, NJ, 07306",-74.073105945172,40.729583045817,Jersey City,"Jersey City, NJ",NJ
A0178,5308 RIVERTON AVE,Los Angeles,CA,91601.0,1961.0,7.0,0500,Five or more apartments,LA County eGIS parcels,2026-10-01T22:50Z,match,"5308 RIVERTON AVE, NORTH HOLLYWOOD, CA, 91601",-118.365290745355,34.166828679585,North Hollywood,"North Hollywood, CA",CA
A0179,7006 LANEWOOD AVE,Los Angeles,CA,90028.0,1958.0,18.0,0500,Five or more apartments,LA County eGIS parcels,2026-10-01T22:50Z,match,"7006 LANEWOOD AVE, LOS ANGELES, CA, 90028",-118.341635208217,34.09915207252,Los Angeles,"Los Angeles, CA",CA
A0180,845 S KINGSLEY DR,Los Angeles,CA,90005.0,1990.0,33.0,0500,Five or more apartments,LA County eGIS parcels,2026-10-01T22:50Z,match,"845 S KINGSLEY DR, LOS ANGELES, CA, 90005",-118.303137913263,34.056870603736,Los Angeles,"Los Angeles, CA",CA
A0181,931 GARDEN ST,Hoboken,NJ,7030.0,,,4C,5B-10U-BA,NJOGIS Parcels & MOD-IV Composite,2026-10-01T22:50Z,match,"931 GARDEN ST, HOBOKEN, NJ, 07030",-74.029444711794,40.748003289428,Hoboken,"Hoboken, NJ",NJ
A0182,911-923 CLINTON ST,Hoboken,NJ,7030.0,,,4C,"2,5B-90U-H-BA",NJOGIS Parcels & MOD-IV Composite,2026-10-01T22:50Z,match,"923 CLINTON ST, HOBOKEN, NJ, 07030",-74.032259129478,40.748382853996,Hoboken,"Hoboken, NJ",NJ
A0183,2427 HILGARD AVE,Berkeley,CA,94709.0,,,7700,Alameda County use code (5+ units),Alameda County parcels,2026-10-01T22:50Z,match,"2427 HILGARD AVE, BERKELEY, CA, 94709",-122.262349376787,37.87845544308,Berkeley,"Berkeley, CA",CA
A0184,156 W 32ND ST,Los Angeles,CA,90007.0,1907.0,16.0,0500,Five or more apartments,LA County eGIS parcels,2026-10-01T22:50Z,match,"156 W 32ND ST, LOS ANGELES, CA, 90007",-118.273514783778,34.020782218595,Los Angeles,"Los Angeles, CA",CA
A0185,154 TERHUNE AVE.,Jersey City,NJ,7103.0,1922.0,,4C,3S-F-D-6U-NH,NJOGIS Parcels & MOD-IV Composite,2026-10-01T22:50Z,match,"154 TERHUNE AVE, JERSEY CITY, NJ, 07305",-74.096225420442,40.705096415554,Jersey City,"Jersey City, NJ",NJ
A0186,107 BEACON AVE.,Jersey City,NJ,7306.0,,,4C,3S-F-D-5U-NH,NJOGIS Parcels & MOD-IV Composite,2026-10-01T22:50Z,match,"107 BEACON AVE, JERSEY CITY, NJ, 07306",-74.054827866989,40.736920404507,Jersey City,"Jersey City, NJ",NJ
A0187,146 CARLTON AVE.,Jersey City,NJ,7423.0,1925.0,,4C,3S-F-D-6U-NH,NJOGIS Parcels & MOD-IV Composite,2026-10-01T22:50Z,match,"146 CARLTON AVE, JERSEY CITY, NJ, 07306",-74.060798217241,40.744920038222,Jersey City,"Jersey City, NJ",NJ
A0188,2819 MCGEE AVE,Berkeley,CA,94703.0,,,7700,Alameda County use code (5+ units),Alameda County parcels,2026-10-01T22:50Z,match,"2819 MCGEE AVE, BERKELEY, CA, 94703",-122.275258218951,37.856959944236,Berkeley,"Berkeley, CA",CA
A0189,1811 CARLETON ST,Berkeley,CA,94703.0,,,7200,Alameda County use code (5+ units),Alameda County parcels,2026-10-01T22:50Z,match,"1811 CARLETON ST, BERKELEY, CA, 94703",-122.273498335777,37.860487333983,Berkeley,"Berkeley, CA",CA
A0190,283 ADAMS ST,Newark,NJ,7105.0,,,4C,3SB,NJOGIS Parcels & MOD-IV Composite,2026-10-01T22:50Z,match,"283 ADAMS ST, NEWARK, NJ, 07105",-74.16236498265,40.722831839974,Newark,"Newark, NJ",NJ
A0191,60 Kirkland St,Cambridge,MA,,1891.0,6.0,111,4-8-UNIT-APT,Cambridge Property Database FY2026 (waa7-ibdu),2026-10-01T22:50Z,match,"60 KIRKLAND ST, CAMBRIDGE, MA, 02138",-71.110680713996,42.377309547812,Cambridge,"Cambridge, MA",MA
A0192,780 POST ST,San Francisco,CA,,1916.0,36.0,A15,Apartment 15 Units or more,DataSF wv5m-vpq2 (2025 roll),2026-10-01T22:50Z,match,"780 POST ST, SAN FRANCISCO, CA, 94109",-122.414659903737,37.787554937568,San Francisco,"San Francisco, CA",CA
A0193,1626 BONITA AVE,Berkeley,CA,94709.0,,,7700,Alameda County use code (5+ units),Alameda County parcels,2026-10-01T22:50Z,match,"1626 BONITA AVE, BERKELEY, CA, 94709",-122.272592199936,37.877436210953,Berkeley,"Berkeley, CA",CA
A0194,72 Burbank ST,Boston,MA,2115.0,2022.0,,A/125,SUBSD HOUSING S- 8,Boston Property Assessment FY2026,2026-10-01T22:50Z,match,"72 BURBANK ST, BOSTON, MA, 02115",-71.08932121797,42.34449244891,Boston,"Boston, MA",MA
A0195,1850-1848 COMMONWEALTH AV,Brighton,MA,2135.0,1910.0,,A/112,APT 7-30 UNITS,Boston Property Assessment FY2026,2026-10-01T22:50Z,match,"1848 COMMONWEALTH AVE, BRIGHTON, MA, 02135",-71.152111420394,42.339062553814,Brighton,"Brighton, MA",MA
A0196,16915 BLACKHAWK ST,Los Angeles,CA,91344.0,1962.0,30.0,0501,Five or more apartments,LA County eGIS parcels,2026-10-01T22:50Z,match,"16915 BLACKHAWK ST, GRANADA HILLS, CA, 91344",-118.500920253647,34.258955182522,Granada Hills,"Granada Hills, CA",CA
A0197,1611 62ND ST,Berkeley,CA,94703.0,,,7200,Alameda County use code (5+ units),Alameda County parcels,2026-10-01T22:50Z,match,"1611 62ND ST, BERKELEY, CA, 94703",-122.274812039507,37.846527054842,Berkeley,"Berkeley, CA",CA
A0198,194 Havre ST,East Boston,MA,2128.0,2019.0,,A/112,APT 7-30 UNITS,Boston Property Assessment FY2026,2026-10-01T22:50Z,match,"194 HAVRE ST, EAST BOSTON, MA, 02128",-71.036497835188,42.374496794147,East Boston,"East Boston, MA",MA
A0199,42 Bay State Rd,Cambridge,MA,,2012.0,5.0,111,4-8-UNIT-APT,Cambridge Property Database FY2026 (waa7-ibdu),2026-10-01T22:50Z,match,"42 BAY STATE RD, CAMBRIDGE, MA, 02138",-71.140083871382,42.387191106272,Cambridge,"Cambridge, MA",MA
A0200,1853 N HIGHLAND AVE,Los Angeles,CA,90028.0,,5.0,0500,Five or more apartments,LA County eGIS parcels,2026-10-01T22:50Z,match,"1853 N HIGHLAND AVE, LOS ANGELES, CA, 90028",-118.337549044749,34.105004287023,Los Angeles,"Los Angeles, CA",CA
A0201,2737 BENVENUE AVE,Berkeley,CA,94705.0,,,7700,Alameda County use code (5+ units),Alameda County parcels,2026-10-01T22:50Z,match,"2737 BENVENUE AVE, BERKELEY, CA, 94705",-122.25463879726,37.861084663474,Berkeley,"Berkeley, CA",CA
A0202,1446 JACKSON ST,San Francisco,CA,,1907.0,6.0,A5,Apartment 5 to 14 Units,DataSF wv5m-vpq2 (2025 roll),2026-10-01T22:50Z,match,"1446 JACKSON ST, SAN FRANCISCO, CA, 94109",-122.41889836579,37.794522791984,San Francisco,"San Francisco, CA",CA
A0203,2986-2930 Washington ST,Roxbury,MA,2119.0,2002.0,,A/125,SUBSD HOUSING S- 8,Boston Property Assessment FY2026,2026-10-01T22:50Z,match,"2930 WASHINGTON ST, ROXBURY, MA, 02119",-71.095569636405,42.31845754666,Roxbury,"Roxbury, MA",MA
A0204,202-208 6TH AVE W,Newark,NJ,8736.0,,,4C,3SB,NJOGIS Parcels & MOD-IV Composite,2026-10-01T22:50Z,match,"208 6TH AVE W, NEWARK, NJ, 07107",-74.186173040995,40.756210023298,Newark,"Newark, NJ",NJ
A0205,2425 GRANT ST,Berkeley,CA,94703.0,,,7700,Alameda County use code (5+ units),Alameda County parcels,2026-10-01T22:50Z,match,"2425 GRANT ST, BERKELEY, CA, 94703",-122.274486388915,37.864419418207,Berkeley,"Berkeley, CA",CA
A0206,401 43RD AV,San Francisco,CA,,1929.0,21.0,A15,Apartment 15 Units or more,DataSF wv5m-vpq2 (2025 roll),2026-10-01T22:50Z,match,"401 43RD AVE, SAN FRANCISCO, CA, 94121",-122.504228232138,37.78106651207,San Francisco,"San Francisco, CA",CA
A0207,705 W 23RD ST,Los Angeles,CA,90007.0,1901.0,10.0,0500,Five or more apartments,LA County eGIS parcels,2026-10-01T22:50Z,match,"705 W 23RD ST, LOS ANGELES, CA, 90007",-118.276733095547,34.032030548439,Los Angeles,"Los Angeles, CA",CA
A0208,126 ADAMS ST,Hoboken,NJ,7604.0,,,4C,4B-8U,NJOGIS Parcels & MOD-IV Composite,2026-10-01T22:50Z,match,"126 ADAMS ST, HOBOKEN, NJ, 07030",-74.037275318111,40.738937251272,Hoboken,"Hoboken, NJ",NJ
A0209,19 Trowbridge St,Cambridge,MA,,1910.0,6.0,111,4-8-UNIT-APT,Cambridge Property Database FY2026 (waa7-ibdu),2026-10-01T22:50Z,match,"19 TROWBRIDGE ST, CAMBRIDGE, MA, 02138",-71.11237412069,42.371041072612,Cambridge,"Cambridge, MA",MA
A0210,1432 N CURSON AVE,Los Angeles,CA,90046.0,2016.0,9.0,0500,Five or more apartments,LA County eGIS parcels,2026-10-01T22:50Z,match,"1432 N CURSON AVE, LOS ANGELES, CA, 90046",-118.354938535163,34.096815880701,Los Angeles,"Los Angeles, CA",CA
A0211,499 BEACON ST,Boston,MA,2215.0,1899.0,,A/112,APT 7-30 UNITS,Boston Property Assessment FY2026,2026-10-01T22:50Z,match,"499 BEACON ST, BOSTON, MA, 02215",-71.089845858115,42.350692439566,Boston,"Boston, MA",MA
A0212,1311 SOUTH VAN NESS AV,San Francisco,CA,,1900.0,5.0,A5,Apartment 5 to 14 Units,DataSF wv5m-vpq2 (2025 roll),2026-10-01T22:50Z,match,"1311 S VAN NESS AVE, SAN FRANCISCO, CA, 94110",-122.4161731875,37.752168513331,San Francisco,"San Francisco, CA",CA
A0213,11649 ACAMA ST,Los Angeles,CA,91604.0,1986.0,7.0,0500,Five or more apartments,LA County eGIS parcels,2026-10-01T22:50Z,match,"11649 ACAMA ST, STUDIO CITY, CA, 91604",-118.386856598286,34.145584078078,Studio City,"Studio City, CA",CA
A0214,358 Harvard St,Cambridge,MA,,1900.0,6.0,111,4-8-UNIT-APT,Cambridge Property Database FY2026 (waa7-ibdu),2026-10-01T22:50Z,match,"358 HARVARD ST, CAMBRIDGE, MA, 02138",-71.110911398922,42.371082219474,Cambridge,"Cambridge, MA",MA
A0215,2295 CALIFORNIA ST,San Francisco,CA,,1924.0,21.0,A15,Apartment 15 Units or more,DataSF wv5m-vpq2 (2025 roll),2026-10-01T22:50Z,match,"2295 CALIFORNIA ST, SAN FRANCISCO, CA, 94115",-122.432052589153,37.789075325053,San Francisco,"San Francisco, CA",CA
A0216,2309 HASTE ST,Berkeley,CA,94704.0,,,7700,Alameda County use code (5+ units),Alameda County parcels,2026-10-01T22:50Z,match,"2309 HASTE ST, BERKELEY, CA, 94704",-122.262957356662,37.865531910644,Berkeley,"Berkeley, CA",CA
A0217,170-172 Maverick ST,East Boston,MA,2128.0,2011.0,,A/125,SUBSD HOUSING S- 8,Boston Property Assessment FY2026,2026-10-01T22:50Z,match,"172 MAVERICK ST, EAST BOSTON, MA, 02128",-71.037362951665,42.369519627611,East Boston,"East Boston, MA",MA
A0218,15 Richdale Ave,Cambridge,MA,,1910.0,46.0,112,>8-UNIT-APT,Cambridge Property Database FY2026 (waa7-ibdu),2026-10-01T22:50Z,match,"15 RICHDALE AVE, CAMBRIDGE, MA, 02140",-71.121620396425,42.388324409245,Cambridge,"Cambridge, MA",MA
A0219,3735 32ND ST,San Diego,CA,92104.0,,8.0,14,SANDAG asr_landuse 14-16 (5+ units),SANDAG/SanGIS parcels,2026-10-01T22:50Z,match,"3735 32ND ST, SAN DIEGO, CA, 92104",-117.124937736826,32.746245203063,San Diego,"San Diego, CA",CA
A0220,21-23 Faulkner ST,Dorchester,MA,2122.0,1900.0,,A/125,SUBSD HOUSING S- 8,Boston Property Assessment FY2026,2026-10-01T22:50Z,match,"23 FAULKNER ST, DORCHESTER, MA, 02122",-71.061535322591,42.29951865269,Dorchester,"Dorchester, MA",MA
A0221,191 Park DR,Boston,MA,2215.0,1910.0,,A/112,APT 7-30 UNITS,Boston Property Assessment FY2026,2026-10-01T22:50Z,match,"191 PARK DR, BOSTON, MA, 02215",-71.100162328229,42.341033010088,Boston,"Boston, MA",MA
A0222,1901 VALLEJO ST,San Francisco,CA,,1960.0,8.0,A5,Apartment 5 to 14 Units,DataSF wv5m-vpq2 (2025 roll),2026-10-01T22:50Z,match,"1901 VALLEJO ST, SAN FRANCISCO, CA, 94123",-122.428597910742,37.795996387914,San Francisco,"San Francisco, CA",CA
A0223,504 COURT ST,Hoboken,NJ,7030.0,,,4C,4B-5U-H-BA,NJOGIS Parcels & MOD-IV Composite,2026-10-01T22:50Z,match,"504 COURT ST, HOBOKEN, NJ, 07030",-74.028940035026,40.742214718476,Hoboken,"Hoboken, NJ",NJ
A0224,8727 TOBIAS AVE,Los Angeles,CA,91402.0,1960.0,13.0,0500,Five or more apartments,LA County eGIS parcels,2026-10-01T22:50Z,match,"8727 TOBIAS AVE, PANORAMA CITY, CA, 91402",-118.451718756162,34.228507480493,Panorama City,"Panorama City, CA",CA
A0225,1627 JACKSON ST,San Francisco,CA,,1913.0,9.0,A5,Apartment 5 to 14 Units,DataSF wv5m-vpq2 (2025 roll),2026-10-01T22:50Z,match,"1627 JACKSON ST, SAN FRANCISCO, CA, 94109",-122.421842293682,37.794030087633,San Francisco,"San Francisco, CA",CA
A0226,663 MASSACHUSETTS AV,Boston,MA,2118.0,1905.0,,A/125,SUBSD HOUSING S- 8,Boston Property Assessment FY2026,2026-10-01T22:50Z,match,"663 MASSACHUSETTS AVE, BOSTON, MA, 02118",-71.0764696579,42.335912589034,Boston,"Boston, MA",MA
A0227,1401 HUDSON ST,Hoboken,NJ,7030.0,2010.0,2.0,4C,13B-93U-2C-G,NJOGIS Parcels & MOD-IV Composite,2026-10-01T22:50Z,match,"1401 HUDSON ST, HOBOKEN, NJ, 07030",-74.025132220092,40.752162276083,Hoboken,"Hoboken, NJ",NJ
A0228,225 COLLINGWOOD ST,San Francisco,CA,,1907.0,5.0,A5,Apartment 5 to 14 Units,DataSF wv5m-vpq2 (2025 roll),2026-10-01T22:50Z,match,"225 COLLINGWOOD ST, SAN FRANCISCO, CA, 94114",-122.43584550357,37.758806229242,San Francisco,"San Francisco, CA",CA
A0229,5164 03RD ST,San Francisco,CA,,1914.0,6.0,A5,Apartment 5 to 14 Units,DataSF wv5m-vpq2 (2025 roll),2026-10-01T22:50Z,no_match,,,,San Francisco,"San Francisco, CA",CA
A0230,85 Hancock St,Cambridge,MA,,1996.0,18.0,112,>8-UNIT-APT,Cambridge Property Database FY2026 (waa7-ibdu),2026-10-01T22:50Z,match,"85 HANCOCK ST, CAMBRIDGE, MA, 02139",-71.10823462185,42.36894090845,Cambridge,"Cambridge, MA",MA
A0231,521 ARGUELLO BL,San Francisco,CA,,1971.0,6.0,A5,Apartment 5 to 14 Units,DataSF wv5m-vpq2 (2025 roll),2026-10-01T22:50Z,match,"521 ARGUELLO BLVD, SAN FRANCISCO, CA, 94118",-122.458904742326,37.780784398048,San Francisco,"San Francisco, CA",CA
A0232,189 Third St,Cambridge,MA,,1900.0,6.0,111,4-8-UNIT-APT,Cambridge Property Database FY2026 (waa7-ibdu),2026-10-01T22:50Z,match,"189 3RD ST, CAMBRIDGE, MA, 02141",-71.080956110328,42.367926768436,Cambridge,"Cambridge, MA",MA
A0233,30 MEDFIELD ST,Boston,MA,2215.0,1920.0,,A/112,APT 7-30 UNITS,Boston Property Assessment FY2026,2026-10-01T22:50Z,match,"30 MEDFIELD ST, BOSTON, MA, 02215",-71.105981333095,42.345263577025,Boston,"Boston, MA",MA
A0234,2212 BLAKE ST,Berkeley,CA,94704.0,,,7700,Alameda County use code (5+ units),Alameda County parcels,2026-10-01T22:50Z,match,"2212 BLAKE ST, BERKELEY, CA, 94704",-122.26472014852,37.863354369764,Berkeley,"Berkeley, CA",CA
A0235,6736 SELMA AVE,Los Angeles,CA,90028.0,,,050V,Five or more apartments,LA County eGIS parcels,2026-10-01T22:50Z,match,"6736 SELMA AVE, LOS ANGELES, CA, 90028",-118.337259232832,34.099644694718,Los Angeles,"Los Angeles, CA",CA
A0236,1110 JACKSON ST,San Francisco,CA,,1961.0,9.0,A5,Apartment 5 to 14 Units,DataSF wv5m-vpq2 (2025 roll),2026-10-01T22:50Z,match,"1110 JACKSON ST, SAN FRANCISCO, CA, 94133",-122.41341354471,37.795227211112,San Francisco,"San Francisco, CA",CA
A0237,36 VALLEY ST,San Francisco,CA,,1927.0,12.0,A5,Apartment 5 to 14 Units,DataSF wv5m-vpq2 (2025 roll),2026-10-01T22:50Z,match,"36 VALLEY ST, SAN FRANCISCO, CA, 94110",-122.423160521356,37.744772339215,San Francisco,"San Francisco, CA",CA
A0238,15256 ACRE ST,Los Angeles,CA,91343.0,1957.0,6.0,0500,Five or more apartments,LA County eGIS parcels,2026-10-01T22:50Z,match,"15256 ACRE ST, NORTH HILLS, CA, 91343",-118.465059354597,34.229903219394,North Hills,"North Hills, CA",CA
A0239,1476 UNIVERSITY AVE,Berkeley,CA,94702.0,,,7700,Alameda County use code (5+ units),Alameda County parcels,2026-10-01T22:50Z,match,"1476 UNIVERSITY AVE, BERKELEY, CA, 94702",-122.282479272768,37.870240703252,Berkeley,"Berkeley, CA",CA
A0240,4135 38TH ST,San Diego,CA,92105.0,,7.0,14,SANDAG asr_landuse 14-16 (5+ units),SANDAG/SanGIS parcels,2026-10-01T22:50Z,match,"4135 38TH ST, SAN DIEGO, CA, 92105",-117.111779263182,32.752138713798,San Diego,"San Diego, CA",CA
A0241,913 GARDEN ST,Hoboken,NJ,7030.0,,,4C,5B-14U-H-BA,NJOGIS Parcels & MOD-IV Composite,2026-10-01T22:50Z,match,"913 GARDEN ST, HOBOKEN, NJ, 07030",-74.029507685512,40.747790932129,Hoboken,"Hoboken, NJ",NJ
A0242,85-87 SIERRA RD,Hyde Park,MA,2136.0,1960.0,,A/112,APT 7-30 UNITS,Boston Property Assessment FY2026,2026-10-01T22:50Z,match,"87 SIERRA RD, HYDE PARK, MA, 02136",-71.126219924108,42.23648761117,Hyde Park,"Hyde Park, MA",MA
A0243,664 OCEAN AVE.,Jersey City,NJ,7305.0,1910.0,,4C,3S+BT-F-6U,NJOGIS Parcels & MOD-IV Composite,2026-10-01T22:50Z,match,"664 OCEAN AVE, JERSEY CITY, NJ, 07305",-74.076659540243,40.709014299361,Jersey City,"Jersey City, NJ",NJ
A0244,1126 HUDSON ST,Hoboken,NJ,7030.0,,,4C,5B-12U-1BX-H-BA,NJOGIS Parcels & MOD-IV Composite,2026-10-01T22:50Z,match,"1126 HUDSON ST, HOBOKEN, NJ, 07030",-74.025921583962,40.75007710711,Hoboken,"Hoboken, NJ",NJ
A0245,30 WEST HOWELL ST M-D,Dorchester,MA,2125.0,2018.0,,A/120,LUXURY APARTMENT,Boston Property Assessment FY2026,2026-10-01T22:50Z,match,"30 W HOWELL ST, DORCHESTER, MA, 02125",-71.059503187262,42.325356355842,Dorchester,"Dorchester, MA",MA
A0246,4386 COPELAND AVE,San Diego,CA,92105.0,,8.0,14,SANDAG asr_landuse 14-16 (5+ units),SANDAG/SanGIS parcels,2026-10-01T22:50Z,match,"4386 COPELAND AVE, SAN DIEGO, CA, 92105",-117.104047557974,32.756800937083,San Diego,"San Diego, CA",CA
A0247,4957 CAPE MAY AVE,San Diego,CA,92107.0,,10.0,14,SANDAG asr_landuse 14-16 (5+ units),SANDAG/SanGIS parcels,2026-10-01T22:50Z,match,"4957 CAPE MAY AVE, SAN DIEGO, CA, 92107",-117.248171449465,32.748875084016,San Diego,"San Diego, CA",CA
A0248,941 S KENMORE AVE,Los Angeles,CA,90006.0,1923.0,24.0,0500,Five or more apartments,LA County eGIS parcels,2026-10-01T22:50Z,match,"941 S KENMORE AVE, LOS ANGELES, CA, 90006",-118.296589306557,34.054561165408,Los Angeles,"Los Angeles, CA",CA
A0249,498-500 HAWTHORNE AVE,Newark,NJ,10013.0,,,4C,3SF4UG,NJOGIS Parcels & MOD-IV Composite,2026-10-01T22:50Z,match,"500 HAWTHORNE AVE, NEWARK, NJ, 07112",-74.215280471054,40.719775769166,Newark,"Newark, NJ",NJ
A0250,211 BALDWIN AVE.,Jersey City,NJ,7002.0,,,4C,6S-B+F-45U-17G,NJOGIS Parcels & MOD-IV Composite,2026-10-01T22:50Z,match,"211 BALDWIN AVE, JERSEY CITY, NJ, 07306",-74.060120792112,40.729192320523,Jersey City,"Jersey City, NJ",NJ
A0251,4663 33RD ST,San Diego,CA,92116.0,,8.0,14,SANDAG asr_landuse 14-16 (5+ units),SANDAG/SanGIS parcels,2026-10-01T22:50Z,match,"4663 33RD ST, SAN DIEGO, CA, 92116",-117.122794711786,32.762436259509,San Diego,"San Diego, CA",CA
A0252,15514 CHASE ST,Los Angeles,CA,91343.0,1984.0,6.0,0500,Five or more apartments,LA County eGIS parcels,2026-10-01T22:50Z,match,"15514 CHASE ST, NORTH HILLS, CA, 91343",-118.470326035112,34.224605812398,North Hills,"North Hills, CA",CA
A0253,2250 NORTH POINT ST,San Francisco,CA,,1928.0,7.0,A5,Apartment 5 to 14 Units,DataSF wv5m-vpq2 (2025 roll),2026-10-01T22:50Z,match,"2250 N POINT ST, SAN FRANCISCO, CA, 94123",-122.444275084577,37.802722582821,San Francisco,"San Francisco, CA",CA
A0254,805 WASHINGTON ST,Hoboken,NJ,7030.0,,,4C,4B-9U-H-BA,NJOGIS Parcels & MOD-IV Composite,2026-10-01T22:50Z,match,"805 WASHINGTON ST, HOBOKEN, NJ, 07030",-74.028189698217,40.746063788663,Hoboken,"Hoboken, NJ",NJ
A0255,851 E 51ST ST,Los Angeles,CA,90011.0,1923.0,8.0,0500,Five or more apartments,LA County eGIS parcels,2026-10-01T22:50Z,match,"851 E 51ST ST, LOS ANGELES, CA, 90011",-118.260152086488,33.996666263731,Los Angeles,"Los Angeles, CA",CA
A0256,327 JACKSON ST,Hoboken,NJ,7017.0,,,4C,5B-20U-H,NJOGIS Parcels & MOD-IV Composite,2026-10-01T22:50Z,match,"327 JACKSON ST, HOBOKEN, NJ, 07030",-74.0400671093,40.742101329412,Hoboken,"Hoboken, NJ",NJ
A0257,5 COMMER CT,San Francisco,CA,,,6.0,A5,Apartment 5 to 14 Units,DataSF wv5m-vpq2 (2025 roll),2026-10-01T22:50Z,match,"5 COMMER CT, SAN FRANCISCO, CA, 94124",-122.384674255589,37.732351895037,San Francisco,"San Francisco, CA",CA
A0258,471 COLUMBIA RD,Dorchester,MA,2125.0,1930.0,,A/125,SUBSD HOUSING S- 8,Boston Property Assessment FY2026,2026-10-01T22:50Z,match,"471 COLUMBIA RD, DORCHESTER, MA, 02125",-71.067499784037,42.314021035494,Dorchester,"Dorchester, MA",MA
A0259,872 NORTH POINT ST,San Francisco,CA,,1900.0,5.0,FS5,Flat & Store 5 to 14 units,DataSF wv5m-vpq2 (2025 roll),2026-10-01T22:50Z,match,"872 N POINT ST, SAN FRANCISCO, CA, 94109",-122.421551166436,37.805617181224,San Francisco,"San Francisco, CA",CA
A0260,2479 LE CONTE AVE,Berkeley,CA,94709.0,,,7700,Alameda County use code (5+ units),Alameda County parcels,2026-10-01T22:50Z,match,"2479 LE CONTE AVE, BERKELEY, CA, 94709",-122.261370866713,37.87682628993,Berkeley,"Berkeley, CA",CA
A0261,525 ADAMS ST,Hoboken,NJ,7030.0,,,4C,5B-1OU,NJOGIS Parcels & MOD-IV Composite,2026-10-01T22:50Z,match,"525 ADAMS ST, HOBOKEN, NJ, 07030",-74.03569006655,40.743627056924,Hoboken,"Hoboken, NJ",NJ
A0262,2924 E JUNIPER ST,San Diego,CA,92104.0,,18.0,15,SANDAG asr_landuse 14-16 (5+ units),SANDAG/SanGIS parcels,2026-10-01T22:50Z,match,"2924 JUNIPER ST, SAN DIEGO, CA, 92104",-117.13126954968,32.729713456435,San Diego,"San Diego, CA",CA
A0263,1636 M L KING JR WAY,Berkeley,CA,94709.0,,,7700,Alameda County use code (5+ units),Alameda County parcels,2026-10-01T22:50Z,match,"1636 MARTIN LUTHER KING JR WAY, BERKELEY, CA, 94709",-122.273753258644,37.877104430999,Berkeley,"Berkeley, CA",CA
A0264,583-589 ELIZABETH AVE,Newark,NJ,11516.0,,,4C,5SB,NJOGIS Parcels & MOD-IV Composite,2026-10-01T22:50Z,match,"589 ELIZABETH AVE, NEWARK, NJ, 07112",-74.203997082351,40.706702590971,Newark,"Newark, NJ",NJ
A0265,102 BALDWIN AVE.,Jersey City,NJ,7306.0,1912.0,,4C,3S-B-A-13U-H,NJOGIS Parcels & MOD-IV Composite,2026-10-01T22:50Z,match,"102 BALDWIN AVE, JERSEY CITY, NJ, 07306",-74.062860646313,40.725395005355,Jersey City,"Jersey City, NJ",NJ
A0266,52 BRIGHT ST.,Jersey City,NJ,10016.0,,,4C,4S-B-D-8U-NH,NJOGIS Parcels & MOD-IV Composite,2026-10-01T22:50Z,match,"52 BRIGHT ST, JERSEY CITY, NJ, 07302",-74.04716146876,40.716964287987,Jersey City,"Jersey City, NJ",NJ
A0267,1314 N VAN NESS AVE,Los Angeles,CA,90028.0,,,050V,Five or more apartments,LA County eGIS parcels,2026-10-01T22:50Z,match,"1314 N VAN NESS AVE, LOS ANGELES, CA, 90038",-118.31568631956,34.095065338349,Los Angeles,"Los Angeles, CA",CA
A0268,1848 FRANKLIN ST,San Francisco,CA,,1914.0,7.0,A5,Apartment 5 to 14 Units,DataSF wv5m-vpq2 (2025 roll),2026-10-01T22:50Z,match,"1848 FRANKLIN ST, SAN FRANCISCO, CA, 94109",-122.42417782805,37.791524228684,San Francisco,"San Francisco, CA",CA
A0269,1015 CLINTON ST,Hoboken,NJ,10003.0,,,4C,5B-14U,NJOGIS Parcels & MOD-IV Composite,2026-10-01T22:50Z,match,"1015 CLINTON ST, HOBOKEN, NJ, 07030",-74.031887796981,40.749581279292,Hoboken,"Hoboken, NJ",NJ
A0270,29 CONCORD ST,Jersey City,NJ,7306.0,1890.0,,4C,4S-B-8U-H,NJOGIS Parcels & MOD-IV Composite,2026-10-01T22:50Z,match,"29 CONCORD ST, JERSEY CITY, NJ, 07306",-74.052574845456,40.733442605846,Jersey City,"Jersey City, NJ",NJ
A0271,4115 LINCOLN WY,San Francisco,CA,,1928.0,13.0,A5,Apartment 5 to 14 Units,DataSF wv5m-vpq2 (2025 roll),2026-10-01T22:50Z,match,"4115 LINCOLN WAY, SAN FRANCISCO, CA, 94122",-122.502100180635,37.764244000512,San Francisco,"San Francisco, CA",CA
A0272,5 Everett St,Cambridge,MA,,1890.0,6.0,111,4-8-UNIT-APT,Cambridge Property Database FY2026 (waa7-ibdu),2026-10-01T22:50Z,match,"5 EVERETT ST, CAMBRIDGE, MA, 02138",-71.11923068717,42.380002159495,Cambridge,"Cambridge, MA",MA
A0273,3911 CENTRE ST,San Diego,CA,92103.0,,10.0,14,SANDAG asr_landuse 14-16 (5+ units),SANDAG/SanGIS parcels,2026-10-01T22:50Z,match,"3911 CENTRE ST, SAN DIEGO, CA, 92103",-117.147965593551,32.749136257741,San Diego,"San Diego, CA",CA
A0274,7072 EASTMAN ST,San Diego,CA,92111.0,,6.0,14,SANDAG asr_landuse 14-16 (5+ units),SANDAG/SanGIS parcels,2026-10-01T22:50Z,match,"7072 EASTMAN ST, SAN DIEGO, CA, 92111",-117.168439360297,32.789776238445,San Diego,"San Diego, CA",CA
A0275,4091 MORRELL ST,San Diego,CA,92109.0,,7.0,14,SANDAG asr_landuse 14-16 (5+ units),SANDAG/SanGIS parcels,2026-10-01T22:50Z,match,"4091 MORRELL ST, SAN DIEGO, CA, 92109",-117.231646719173,32.795607414483,San Diego,"San Diego, CA",CA
A0276,4361 ILLINOIS ST,San Diego,CA,92104.0,,6.0,14,SANDAG asr_landuse 14-16 (5+ units),SANDAG/SanGIS parcels,2026-10-01T22:50Z,match,"4361 ILLINOIS ST, SAN DIEGO, CA, 92104",-117.127636770855,32.756358147896,San Diego,"San Diego, CA",CA
A0277,2736 GRANT ST,Berkeley,CA,94703.0,,,7700,Alameda County use code (5+ units),Alameda County parcels,2026-10-01T22:50Z,match,"2736 GRANT ST, BERKELEY, CA, 94703",-122.273424660577,37.85849365947,Berkeley,"Berkeley, CA",CA
A0278,1800 FRANKLIN ST,San Francisco,CA,,1919.0,17.0,A15,Apartment 15 Units or more,DataSF wv5m-vpq2 (2025 roll),2026-10-01T22:50Z,match,"1800 FRANKLIN ST, SAN FRANCISCO, CA, 94109",-122.424100965563,37.791146664293,San Francisco,"San Francisco, CA",CA
A0279,90 KENSINGTON AVE.,Jersey City,NJ,7302.0,1925.0,,4C,4S-B-A-17U,NJOGIS Parcels & MOD-IV Composite,2026-10-01T22:50Z,no_match,,,,Jersey City,"Jersey City, NJ",NJ
A0280,1215 11TH AV,San Francisco,CA,,1971.0,6.0,A5,Apartment 5 to 14 Units,DataSF wv5m-vpq2 (2025 roll),2026-10-01T22:50Z,match,"1215 11TH AVE, SAN FRANCISCO, CA, 94122",-122.468630232306,37.76547270684,San Francisco,"San Francisco, CA",CA
A0281,1725 N GOWER ST,Los Angeles,CA,90028.0,1946.0,20.0,0500,Five or more apartments,LA County eGIS parcels,2026-10-01T22:50Z,match,"1725 N GOWER ST, LOS ANGELES, CA, 90028",-118.32242566214,34.102103469042,Los Angeles,"Los Angeles, CA",CA
A0282,2240 10TH ST,Berkeley,CA,94710.0,,,7700,Alameda County use code (5+ units),Alameda County parcels,2026-10-01T22:50Z,match,"2240 10TH ST, BERKELEY, CA, 94710",-122.292299289201,37.865429346313,Berkeley,"Berkeley, CA",CA
A0283,90 BARTLETT ST,San Francisco,CA,,1986.0,51.0,A15,Apartment 15 Units or more,DataSF wv5m-vpq2 (2025 roll),2026-10-01T22:50Z,match,"90 BARTLETT ST, SAN FRANCISCO, CA, 94110",-122.41994757491,37.755542885749,San Francisco,"San Francisco, CA",CA
A0284,345 Columbia St,Cambridge,MA,,1920.0,9.0,112,>8-UNIT-APT,Cambridge Property Database FY2026 (waa7-ibdu),2026-10-01T22:50Z,match,"345 COLUMBIA ST, CAMBRIDGE, MA, 02141",-71.095359909702,42.371521199602,Cambridge,"Cambridge, MA",MA
A0285,5255 HARMONY AVE,Los Angeles,CA,91601.0,,8.0,0500,Five or more apartments,LA County eGIS parcels,2026-10-01T22:50Z,match,"5255 HARMONY AVE, NORTH HOLLYWOOD, CA, 91601",-118.366517318934,34.165894818542,North Hollywood,"North Hollywood, CA",CA
A0286,27 Irving Ter,Cambridge,MA,,1925.0,29.0,112,>8-UNIT-APT,Cambridge Property Database FY2026 (waa7-ibdu),2026-10-01T22:50Z,match,"27 IRVING TER, CAMBRIDGE, MA, 02138",-71.111412032264,42.375840853959,Cambridge,"Cambridge, MA",MA
A0287,404 GRAND ST,Hoboken,NJ,7075.0,,,4C,4B-7U-H-BA,NJOGIS Parcels & MOD-IV Composite,2026-10-01T22:50Z,match,"404 GRAND ST, HOBOKEN, NJ, 07030",-74.035272884466,40.742295062797,Hoboken,"Hoboken, NJ",NJ
A0288,75 CLENDENNY AVE.,Jersey City,NJ,11211.0,,,4C,3S-B-12U,NJOGIS Parcels & MOD-IV Composite,2026-10-01T22:50Z,match,"75 CLENDENNY AVE, JERSEY CITY, NJ, 07304",-74.0811726863,40.718013229375,Jersey City,"Jersey City, NJ",NJ
A0289,1741 M L KING JR WAY,Berkeley,CA,94709.0,,,7700,Alameda County use code (5+ units),Alameda County parcels,2026-10-01T22:50Z,match,"1741 MARTIN LUTHER KING JR WAY, BERKELEY, CA, 94709",-122.273285380013,37.874873789784,Berkeley,"Berkeley, CA",CA
A0290,21 Forest St,Cambridge,MA,,1880.0,10.0,112,>8-UNIT-APT,Cambridge Property Database FY2026 (waa7-ibdu),2026-10-01T22:50Z,match,"21 FOREST ST, CAMBRIDGE, MA, 02140",-71.116197964756,42.385243189976,Cambridge,"Cambridge, MA",MA
A0291,165 Cambridgepark Dr,Cambridge,MA,,2014.0,244.0,112,>8-UNIT-APT,Cambridge Property Database FY2026 (waa7-ibdu),2026-10-01T22:50Z,no_match,,,,Cambridge,"Cambridge, MA",MA
A0292,24 Berkshire St,Cambridge,MA,,2019.0,6.0,111,4-8-UNIT-APT,Cambridge Property Database FY2026 (waa7-ibdu),2026-10-01T22:50Z,match,"24 BERKSHIRE ST, CAMBRIDGE, MA, 02141",-71.091628846996,42.368859452865,Cambridge,"Cambridge, MA",MA
A0293,1314 NATOMA ST,San Francisco,CA,,1907.0,6.0,A5,Apartment 5 to 14 Units,DataSF wv5m-vpq2 (2025 roll),2026-10-01T22:50Z,match,"1314 NATOMA ST, SAN FRANCISCO, CA, 94103",-122.418602494007,37.768086302987,San Francisco,"San Francisco, CA",CA
A0294,178 Richdale Ave,Cambridge,MA,,1920.0,6.0,111,4-8-UNIT-APT,Cambridge Property Database FY2026 (waa7-ibdu),2026-10-01T22:50Z,match,"178 RICHDALE AVE, CAMBRIDGE, MA, 02140",-71.126525304753,42.389122123461,Cambridge,"Cambridge, MA",MA
A0295,Harvard ST LOT 2A-13,Dorchester,MA,2124.0,2019.0,,A/125,SUBSD HOUSING S- 8,Boston Property Assessment FY2026,2026-10-01T22:50Z,no_match,,,,Dorchester,"Dorchester, MA",MA
A0296,83-85 MCWHORTER ST,Newark,NJ,7105.0,,,4C,4SB,NJOGIS Parcels & MOD-IV Composite,2026-10-01T22:50Z,match,"85 MCWHORTER ST, NEWARK, NJ, 07105",-74.16622635068,40.730142326692,Newark,"Newark, NJ",NJ
A0297,211-213 SUMMER AVE,Newark,NJ,11205.0,,,4C,4SB,NJOGIS Parcels & MOD-IV Composite,2026-10-01T22:50Z,match,"213 SUMMER AVE, NEWARK, NJ, 07104",-74.171685521994,40.758931675998,Newark,"Newark, NJ",NJ
A0298,361 Washington St,Cambridge,MA,,1900.0,6.0,111,4-8-UNIT-APT,Cambridge Property Database FY2026 (waa7-ibdu),2026-10-01T22:50Z,match,"361 WASHINGTON ST, CAMBRIDGE, MA, 02139",-71.099392946846,42.365668497367,Cambridge,"Cambridge, MA",MA
A0299,1037 WASHINGTON ST,Hoboken,NJ,10994.0,,,4C,4B-8U-BA,NJOGIS Parcels & MOD-IV Composite,2026-10-01T22:50Z,match,"1037 WASHINGTON ST, HOBOKEN, NJ, 07030",-74.027266530035,40.749050177411,Hoboken,"Hoboken, NJ",NJ
A0300,36 Trowbridge St,Cambridge,MA,,1920.0,5.0,111,4-8-UNIT-APT,Cambridge Property Database FY2026 (waa7-ibdu),2026-10-01T22:50Z,match,"36 TROWBRIDGE ST, CAMBRIDGE, MA, 02138",-71.111648701864,42.371850975157,Cambridge,"Cambridge, MA",MA
A0301,165 Hampshire St,Cambridge,MA,,1905.0,6.0,111,4-8-UNIT-APT,Cambridge Property Database FY2026 (waa7-ibdu),2026-10-01T22:50Z,match,"165 HAMPSHIRE ST, CAMBRIDGE, MA, 02139",-71.098439445715,42.371842605201,Cambridge,"Cambridge, MA",MA
A0302,4-6 Clinton St,Cambridge,MA,,1900.0,8.0,111,4-8-UNIT-APT,Cambridge Property Database FY2026 (waa7-ibdu),2026-10-01T22:50Z,match,"6 CLINTON ST, CAMBRIDGE, MA, 02139",-71.106823748323,42.367516001139,Cambridge,"Cambridge, MA",MA
A0303,188 E 35TH ST,Los Angeles,CA,90011.0,1909.0,10.0,0500,Five or more apartments,LA County eGIS parcels,2026-10-01T22:50Z,match,"188 E 35TH ST, LOS ANGELES, CA, 90011",-118.271171829397,34.016877079827,Los Angeles,"Los Angeles, CA",CA
A0304,4541 HAMILTON ST,San Diego,CA,92116.0,,7.0,14,SANDAG asr_landuse 14-16 (5+ units),SANDAG/SanGIS parcels,2026-10-01T22:50Z,match,"4541 HAMILTON ST, SAN DIEGO, CA, 92116",-117.136296909949,32.759898286948,San Diego,"San Diego, CA",CA
A0305,638 45TH AV,San Francisco,CA,,1908.0,5.0,A5,Apartment 5 to 14 Units,DataSF wv5m-vpq2 (2025 roll),2026-10-01T22:50Z,match,"638 45TH AVE, SAN FRANCISCO, CA, 94121",-122.505895195699,37.776456954836,San Francisco,"San Francisco, CA",CA
A0306,335A Harvard St,Cambridge,MA,,1920.0,17.0,112,>8-UNIT-APT,Cambridge Property Database FY2026 (waa7-ibdu),2026-10-01T22:50Z,match,"335A HARVARD ST, CAMBRIDGE, MA, 02139",-71.109090354517,42.370715584888,Cambridge,"Cambridge, MA",MA
A0307,294-296 VAN BUREN ST,Newark,NJ,7512.0,,,4C,3SB3UG,NJOGIS Parcels & MOD-IV Composite,2026-10-01T22:50Z,match,"296 VAN BUREN ST, NEWARK, NJ, 07105",-74.16080945112,40.721814664163,Newark,"Newark, NJ",NJ
A0308,1032 HUDSON ST,Hoboken,NJ,7024.0,,,4C,5B-11U-H-BA-G,NJOGIS Parcels & MOD-IV Composite,2026-10-01T22:50Z,match,"1032 HUDSON ST, HOBOKEN, NJ, 07030",-74.026323440877,40.748749351079,Hoboken,"Hoboken, NJ",NJ
A0309,1706 N STANLEY AVE,Los Angeles,CA,90046.0,1951.0,6.0,0500,Five or more apartments,LA County eGIS parcels,2026-10-01T22:50Z,match,"1706 N STANLEY AVE, LOS ANGELES, CA, 90046",-118.356114053762,34.101835421105,Los Angeles,"Los Angeles, CA",CA
A0310,53-55 Ashford ST,Allston,MA,2134.0,1900.0,,A/112,APT 7-30 UNITS,Boston Property Assessment FY2026,2026-10-01T22:50Z,match,"55 ASHFORD ST, ALLSTON, MA, 02134",-71.126531334249,42.354497619427,Allston,"Allston, MA",MA
A0311,38-38- SOMME ST,Newark,NJ,7032.0,,,4C,2.5S.F.,NJOGIS Parcels & MOD-IV Composite,2026-10-01T22:50Z,match,"38 SOMME ST, NEWARK, NJ, 07105",-74.150647497602,40.731405439225,Newark,"Newark, NJ",NJ
A0312,25 ORLANDO ST,Mattapan,MA,2126.0,1965.0,,A/125,SUBSD HOUSING S- 8,Boston Property Assessment FY2026,2026-10-01T22:50Z,match,"25 ORLANDO ST, MATTAPAN, MA, 02126",-71.0991080589,42.274643004403,Mattapan,"Mattapan, MA",MA
A0313,317-319 W RUNYON ST,Newark,NJ,11205.0,,,4C,3SF,NJOGIS Parcels & MOD-IV Composite,2026-10-01T22:50Z,match,"319 W RUNYON ST, NEWARK, NJ, 07108",-74.209161967359,40.719489638436,Newark,"Newark, NJ",NJ
A0314,6640 LELAND WAY,Los Angeles,CA,90028.0,1919.0,7.0,0500,Five or more apartments,LA County eGIS parcels,2026-10-01T22:50Z,match,"6640 LELAND WAY, LOS ANGELES, CA, 90028",-118.334062631211,34.096954047102,Los Angeles,"Los Angeles, CA",CA
A0315,5233 CARTWRIGHT AVE,Los Angeles,CA,91601.0,1990.0,8.0,0500,Five or more apartments,LA County eGIS parcels,2026-10-01T22:50Z,match,"5233 CARTWRIGHT AVE, NORTH HOLLYWOOD, CA, 91601",-118.363242167449,34.165516896714,North Hollywood,"North Hollywood, CA",CA
A0316,3978 FLORIDA ST,San Diego,CA,92104.0,,8.0,14,SANDAG asr_landuse 14-16 (5+ units),SANDAG/SanGIS parcels,2026-10-01T22:50Z,match,"3978 FLORIDA ST, SAN DIEGO, CA, 92104",-117.143805824838,32.749889290623,San Diego,"San Diego, CA",CA
A0317,2233 CHANNING WAY,Berkeley,CA,94704.0,,,7700,Alameda County use code (5+ units),Alameda County parcels,2026-10-01T22:50Z,match,"2233 CHANNING WAY, BERKELEY, CA, 94704",-122.264363578265,37.866269484742,Berkeley,"Berkeley, CA",CA
A0318,2041 FRANCISCO ST,Berkeley,CA,94709.0,,,7700,Alameda County use code (5+ units),Alameda County parcels,2026-10-01T22:50Z,match,"2041 FRANCISCO ST, BERKELEY, CA, 94709",-122.270236431385,37.875520264007,Berkeley,"Berkeley, CA",CA
A0319,2315 GRANT ST,Berkeley,CA,94703.0,,,7700,Alameda County use code (5+ units),Alameda County parcels,2026-10-01T22:50Z,match,"2315 GRANT ST, BERKELEY, CA, 94703",-122.27469711854,37.866407956138,Berkeley,"Berkeley, CA",CA
A0320,408 MADISON ST,Hoboken,NJ,7030.0,,,4C,4F-6U,NJOGIS Parcels & MOD-IV Composite,2026-10-01T22:50Z,match,"408 MADISON ST, HOBOKEN, NJ, 07030",-74.038062021201,40.742822649905,Hoboken,"Hoboken, NJ",NJ
A0321,200 NUNDA AVE.,Jersey City,NJ,7306.0,,,4C,3S-F-D-7U-NH,NJOGIS Parcels & MOD-IV Composite,2026-10-01T22:50Z,match,"200 NUNDA AVE, JERSEY CITY, NJ, 07306",-74.079221896001,40.729025280221,Jersey City,"Jersey City, NJ",NJ
A0322,227 CYPRESS DR,San Ysidro,CA,92173.0,,31.0,15,SANDAG asr_landuse 14-16 (5+ units),SANDAG/SanGIS parcels,2026-10-01T22:50Z,match,"227 CYPRESS DR, SAN YSIDRO, CA, 92173",-117.045151967648,32.555470956839,San Ysidro,"San Ysidro, CA",CA
A0323,4627 COMPTON AVE,Los Angeles,CA,90011.0,1907.0,5.0,0500,Five or more apartments,LA County eGIS parcels,2026-10-01T22:50Z,match,"4627 COMPTON AVE, LOS ANGELES, CA, 90011",-118.247839866285,34.001632563866,Los Angeles,"Los Angeles, CA",CA
A0324,2003 FRANKLIN ST,San Francisco,CA,,1885.0,6.0,A5,Apartment 5 to 14 Units,DataSF wv5m-vpq2 (2025 roll),2026-10-01T22:50Z,match,"2003 FRANKLIN ST, SAN FRANCISCO, CA, 94109",-122.424604033397,37.792904441436,San Francisco,"San Francisco, CA",CA
A0325,38A GAUTIER AVE.,Jersey City,NJ,7302.0,1925.0,,4C,4S-B-A-21U,NJOGIS Parcels & MOD-IV Composite,2026-10-01T22:50Z,match,"38A GAUTIER AVE, JERSEY CITY, NJ, 07306",-74.079307176087,40.72613987341,Jersey City,"Jersey City, NJ",NJ
A0326,46 JEFFERSON ST,Newark,NJ,7105.0,,,4C,4SB,NJOGIS Parcels & MOD-IV Composite,2026-10-01T22:50Z,match,"46 JEFFERSON ST, NEWARK, NJ, 07105",-74.16011411828,40.731191686503,Newark,"Newark, NJ",NJ
A0327,1605 N MARTEL AVE,Los Angeles,CA,90046.0,1954.0,36.0,0501,Five or more apartments,LA County eGIS parcels,2026-10-01T22:50Z,match,"1605 N MARTEL AVE, LOS ANGELES, CA, 90046",-118.350240944927,34.099942749927,Los Angeles,"Los Angeles, CA",CA
A0328,1845 08TH AV,San Francisco,CA,,1960.0,6.0,A5,Apartment 5 to 14 Units,DataSF wv5m-vpq2 (2025 roll),2026-10-01T22:50Z,no_match,,,,San Francisco,"San Francisco, CA",CA
A0329,51 MADISON ST,Newark,NJ,7105.0,,,4C,3SB,NJOGIS Parcels & MOD-IV Composite,2026-10-01T22:50Z,match,"51 MADISON ST, NEWARK, NJ, 07105",-74.159407511479,40.730936900745,Newark,"Newark, NJ",NJ
A0330,5229 WILLOWCREST AVE,Los Angeles,CA,91601.0,2018.0,24.0,0500,Five or more apartments,LA County eGIS parcels,2026-10-01T22:50Z,match,"5229 WILLOWCREST AVE, NORTH HOLLYWOOD, CA, 91601",-118.362200030188,34.165448094429,North Hollywood,"North Hollywood, CA",CA
A0331,342-344 IRVINE TURNER BLV,Newark,NJ,11219.0,1910.0,,4C,2.5SF4UG,NJOGIS Parcels & MOD-IV Composite,2026-10-01T22:50Z,match,"344 IRVINE TURNER BLVD, NEWARK, NJ, 07108",-74.193318622525,40.722514194915,Newark,"Newark, NJ",NJ
A0332,26 SONOMA ST,Dorchester,MA,2121.0,,,A/125,SUBSD HOUSING S- 8,Boston Property Assessment FY2026,2026-10-01T22:50Z,match,"26 SONOMA ST, DORCHESTER, MA, 02121",-71.086856518884,42.308190903587,Dorchester,"Dorchester, MA",MA
A0333,3752 33RD ST,San Diego,CA,92104.0,,8.0,14,SANDAG asr_landuse 14-16 (5+ units),SANDAG/SanGIS parcels,2026-10-01T22:50Z,match,"3752 33RD ST, SAN DIEGO, CA, 92104",-117.12293391208,32.746101678529,San Diego,"San Diego, CA",CA
A0334,2025 FRANCISCO ST,Berkeley,CA,94709.0,,,7700,Alameda County use code (5+ units),Alameda County parcels,2026-10-01T22:50Z,match,"2025 FRANCISCO ST, BERKELEY, CA, 94709",-122.270586610925,37.875475369217,Berkeley,"Berkeley, CA",CA
A0335,125 BEMIS ST,San Francisco,CA,,1968.0,10.0,A5,Apartment 5 to 14 Units,DataSF wv5m-vpq2 (2025 roll),2026-10-01T22:50Z,match,"125 BEMIS ST, SAN FRANCISCO, CA, 94131",-122.430367276697,37.737182683157,San Francisco,"San Francisco, CA",CA
A0336,151 North First St,Cambridge,MA,,2020.0,468.0,112,MXD >8-UNIT-APT,Cambridge Property Database FY2026 (waa7-ibdu),2026-10-01T22:50Z,match,"151 N FIRST ST, CAMBRIDGE, MA, 02141",-71.075526736217,42.372482137906,Cambridge,"Cambridge, MA",MA
A0337,66 MONROE ST,Newark,NJ,7032.0,,,4C,4S.B,NJOGIS Parcels & MOD-IV Composite,2026-10-01T22:50Z,match,"66 MONROE ST, NEWARK, NJ, 07105",-74.158991782803,40.730254220709,Newark,"Newark, NJ",NJ
A0338,521-523 S 17TH,Newark,NJ,7417.0,,,4C,3SF,NJOGIS Parcels & MOD-IV Composite,2026-10-01T22:50Z,no_match,,,,Newark,"Newark, NJ",NJ
A0339,124 Berkshire St,Cambridge,MA,,1920.0,8.0,111,4-8-UNIT-APT,Cambridge Property Database FY2026 (waa7-ibdu),2026-10-01T22:50Z,match,"124 BERKSHIRE ST, CAMBRIDGE, MA, 02141",-71.090029432444,42.371616346646,Cambridge,"Cambridge, MA",MA
A0340,14735 ROSCOE BLVD,Los Angeles,CA,91402.0,1959.0,50.0,0500,Five or more apartments,LA County eGIS parcels,2026-10-01T22:50Z,match,"14735 ROSCOE BLVD, PANORAMA CITY, CA, 91402",-118.454598749429,34.22154746833,Panorama City,"Panorama City, CA",CA
A0341,4225 50TH ST,San Diego,CA,92115.0,,6.0,14,SANDAG asr_landuse 14-16 (5+ units),SANDAG/SanGIS parcels,2026-10-01T22:50Z,match,"4225 50TH ST, SAN DIEGO, CA, 92115",-117.086787563421,32.753521698227,San Diego,"San Diego, CA",CA
A0342,49 Roseland St,Cambridge,MA,,1910.0,6.0,111,4-8-UNIT-APT,Cambridge Property Database FY2026 (waa7-ibdu),2026-10-01T22:50Z,match,"49 ROSELAND ST, CAMBRIDGE, MA, 02140",-71.116972926785,42.386748328179,Cambridge,"Cambridge, MA",MA
A0343,408-410 5TH ST,Newark,NJ,10997.0,,,4C,4SB,NJOGIS Parcels & MOD-IV Composite,2026-10-01T22:50Z,no_match,,,,Newark,"Newark, NJ",NJ
A0344,238 & 242 GARFIELD AVE.,Jersey City,NJ,7304.0,1928.0,,4C,4S-B-44U,NJOGIS Parcels & MOD-IV Composite,2026-10-01T22:50Z,match,"242 GARFIELD AVE, JERSEY CITY, NJ, 07305",-74.091122112815,40.692246111645,Jersey City,"Jersey City, NJ",NJ
A0345,153 W VERNON AVE,Los Angeles,CA,90037.0,1921.0,5.0,0500,Five or more apartments,LA County eGIS parcels,2026-10-01T22:50Z,match,"153 W VERNON AVE, LOS ANGELES, CA, 90037",-118.275158399166,34.003875826453,Los Angeles,"Los Angeles, CA",CA
A0346,AUBURN DR,San Diego,CA,92105.0,,8.0,14,SANDAG asr_landuse 14-16 (5+ units),SANDAG/SanGIS parcels,2026-10-01T22:50Z,no_match,,,,San Diego,"San Diego, CA",CA
A0347,2142 2ND AVE,San Diego,CA,92101.0,,9.0,14,SANDAG asr_landuse 14-16 (5+ units),SANDAG/SanGIS parcels,2026-10-01T22:50Z,match,"2142 2ND AVE, SAN DIEGO, CA, 92101",-117.163065698172,32.727653319366,San Diego,"San Diego, CA",CA
A0348,229 CLINTON ST,Hoboken,NJ,8755.0,,,4C,4F-7U,NJOGIS Parcels & MOD-IV Composite,2026-10-01T22:50Z,match,"229 CLINTON ST, HOBOKEN, NJ, 07030",-74.034849797859,40.739876679452,Hoboken,"Hoboken, NJ",NJ
A0349,2400 DANA ST,Berkeley,CA,94704.0,,,7700,Alameda County use code (5+ units),Alameda County parcels,2026-10-01T22:50Z,match,"2400 DANA ST, BERKELEY, CA, 94704",-122.261163802946,37.866568691092,Berkeley,"Berkeley, CA",CA
A0350,1051 WEST SIDE AVE.,Jersey City,NJ,7446.0,1900.0,,4C,3S-B-D-6U-NH,NJOGIS Parcels & MOD-IV Composite,2026-10-01T22:50Z,match,"1051 W SIDE AVE, JERSEY CITY, NJ, 07306",-74.070961149168,40.735168801416,Jersey City,"Jersey City, NJ",NJ
A0351,628 HYDE ST,San Francisco,CA,,1907.0,7.0,A5,Apartment 5 to 14 Units,DataSF wv5m-vpq2 (2025 roll),2026-10-01T22:50Z,match,"628 HYDE ST, SAN FRANCISCO, CA, 94109",-122.41643664948,37.786610489702,San Francisco,"San Francisco, CA",CA
A0352,40-42 MT PROSPECT AVE,Newark,NJ,7083.0,1900.0,,4C,3SB,NJOGIS Parcels & MOD-IV Composite,2026-10-01T22:50Z,no_match,,,,Newark,"Newark, NJ",NJ
A0353,1044 E JEFFERSON BLVD,Los Angeles,CA,90011.0,,,0500,Five or more apartments,LA County eGIS parcels,2026-10-01T22:50Z,match,"1044 E JEFFERSON BLVD, LOS ANGELES, CA, 90011",-118.257806027731,34.012089330967,Los Angeles,"Los Angeles, CA",CA
A0354,73 LUBEC ST,East Boston,MA,2128.0,1899.0,,A/112,APT 7-30 UNITS,Boston Property Assessment FY2026,2026-10-01T22:50Z,match,"73 LUBEC ST, EAST BOSTON, MA, 02128",-71.033000779013,42.370721531914,East Boston,"East Boston, MA",MA
A0355,10701 AMESTOY AVE,Los Angeles,CA,91344.0,1986.0,7.0,0500,Five or more apartments,LA County eGIS parcels,2026-10-01T22:50Z,match,"10701 AMESTOY AVE, GRANADA HILLS, CA, 91344",-118.506705841287,34.264856666784,Granada Hills,"Granada Hills, CA",CA
A0356,16 Brainerd RD,Allston,MA,2134.0,1930.0,,A/112,APT 7-30 UNITS,Boston Property Assessment FY2026,2026-10-01T22:50Z,match,"16 BRAINERD RD, ALLSTON, MA, 02134",-71.130629546012,42.348858680092,Allston,"Allston, MA",MA
A0357,173 07TH ST,San Francisco,CA,,1997.0,29.0,A15,Apartment 15 Units or more,DataSF wv5m-vpq2 (2025 roll),2026-10-01T22:50Z,no_match,,,,San Francisco,"San Francisco, CA",CA
A0358,717 N 6TH ST,Newark,NJ,7110.0,,,4C,3SB-2UG,NJOGIS Parcels & MOD-IV Composite,2026-10-01T22:50Z,match,"717 N 6TH ST, NEWARK, NJ, 07107",-74.179007529056,40.773922773441,Newark,"Newark, NJ",NJ
A0359,925 PARK AVE,Hoboken,NJ,7306.0,,,4C,5B-10U-H-BA,NJOGIS Parcels & MOD-IV Composite,2026-10-01T22:50Z,match,"925 PARK AVE, HOBOKEN, NJ, 07030",-74.030402774821,40.748092459219,Hoboken,"Hoboken, NJ",NJ
A0360,140 NEW YORK AVE.,Jersey City,NJ,10977.0,1924.0,,4C,3S-B-A-14U-H,NJOGIS Parcels & MOD-IV Composite,2026-10-01T22:50Z,match,"140 NEW YORK AVE, JERSEY CITY, NJ, 07307",-74.047111900025,40.741104245751,Jersey City,"Jersey City, NJ",NJ
A0361,15 Berkshire St,Cambridge,MA,,1915.0,6.0,111,4-8-UNIT-APT,Cambridge Property Database FY2026 (waa7-ibdu),2026-10-01T22:50Z,match,"15 BERKSHIRE ST, CAMBRIDGE, MA, 02141",-71.092040596292,42.368426537915,Cambridge,"Cambridge, MA",MA
A0362,368 RIVERWAY ST,Boston,MA,2115.0,1920.0,,A/112,APT 7-30 UNITS,Boston Property Assessment FY2026,2026-10-01T22:50Z,match,"368 RIVERWAY, BOSTON, MA, 02115",-71.110791246894,42.334291810524,Boston,"Boston, MA",MA
A0363,2451 SHATTUCK AVE,Berkeley,CA,94704.0,,,7700,Alameda County use code (5+ units),Alameda County parcels,2026-10-01T22:50Z,match,"2451 SHATTUCK AVE, BERKELEY, CA, 94704",-122.267324831145,37.864690284096,Berkeley,"Berkeley, CA",CA
A0364,125 03RD AV,San Francisco,CA,,1964.0,6.0,A5,Apartment 5 to 14 Units,DataSF wv5m-vpq2 (2025 roll),2026-10-01T22:50Z,no_match,,,,San Francisco,"San Francisco, CA",CA
A0365,3940 IDAHO ST,San Diego,CA,92104.0,,12.0,14,SANDAG asr_landuse 14-16 (5+ units),SANDAG/SanGIS parcels,2026-10-01T22:50Z,match,"3940 IDAHO ST, SAN DIEGO, CA, 92104",-117.13391504862,32.749235987165,San Diego,"San Diego, CA",CA
A0366,230 Everett ST,East Boston,MA,2128.0,2024.0,,A/120,LUXURY APARTMENT,Boston Property Assessment FY2026,2026-10-01T22:50Z,match,"230 EVERETT ST, EAST BOSTON, MA, 02128",-71.030306589214,42.365643672949,East Boston,"East Boston, MA",MA
A0367,219 S 35TH ST,San Diego,CA,92113.0,,7.0,14,SANDAG asr_landuse 14-16 (5+ units),SANDAG/SanGIS parcels,2026-10-01T22:50Z,match,"219 S 35TH ST, SAN DIEGO, CA, 92113",-117.118695602941,32.704217966085,San Diego,"San Diego, CA",CA
A0368,1430 FRANCISCO ST,San Francisco,CA,,1926.0,12.0,A5,Apartment 5 to 14 Units,DataSF wv5m-vpq2 (2025 roll),2026-10-01T22:50Z,match,"1430 FRANCISCO ST, SAN FRANCISCO, CA, 94123",-122.428752796943,37.802780409256,San Francisco,"San Francisco, CA",CA
A0369,3260 CALIFORNIA ST,Berkeley,CA,94703.0,,,7700,Alameda County use code (5+ units),Alameda County parcels,2026-10-01T22:50Z,match,"3260 CALIFORNIA ST, BERKELEY, CA, 94703",-122.276013172823,37.848609498456,Berkeley,"Berkeley, CA",CA
A0370,2222 TOBERMAN ST,Los Angeles,CA,90007.0,1924.0,6.0,0500,Five or more apartments,LA County eGIS parcels,2026-10-01T22:50Z,match,"2222 TOBERMAN ST, LOS ANGELES, CA, 90007",-118.281203744904,34.034721924415,Los Angeles,"Los Angeles, CA",CA
A0371,76-80 BRUEN ST,Newark,NJ,7105.0,,,4C,USCB16UG,NJOGIS Parcels & MOD-IV Composite,2026-10-01T22:50Z,match,"80 BRUEN ST, NEWARK, NJ, 07105",-74.166930355672,40.730337311596,Newark,"Newark, NJ",NJ
A0372,314 SEVENTH ST.,Jersey City,NJ,7302.0,,,4C,4S-B-D-7U-NH-G,NJOGIS Parcels & MOD-IV Composite,2026-10-01T22:50Z,match,"314 7TH ST, JERSEY CITY, NJ, 07302",-74.047955557321,40.726486238182,Jersey City,"Jersey City, NJ",NJ
A0373,1315 SPRUCE ST,Berkeley,CA,94709.0,,,7200,Alameda County use code (5+ units),Alameda County parcels,2026-10-01T22:50Z,match,"1315 SPRUCE ST, BERKELEY, CA, 94709",-122.266249122343,37.883557224033,Berkeley,"Berkeley, CA",CA
A0374,686 S ARDMORE AVE,Los Angeles,CA,90005.0,1990.0,15.0,0500,Five or more apartments,LA County eGIS parcels,2026-10-01T22:50Z,match,"686 S ARDMORE AVE, LOS ANGELES, CA, 90005",-118.301920522459,34.060247782434,Los Angeles,"Los Angeles, CA",CA
A0375,1880 FULTON ST,San Francisco,CA,,1921.0,9.0,A5,Apartment 5 to 14 Units,DataSF wv5m-vpq2 (2025 roll),2026-10-01T22:50Z,match,"1880 FULTON ST, SAN FRANCISCO, CA, 94117",-122.447766948778,37.775695071124,San Francisco,"San Francisco, CA",CA
A0376,ST JAMES ST,Roxbury,MA,2119.0,,,A/125,SUBSD HOUSING S- 8,Boston Property Assessment FY2026,2026-10-01T22:50Z,no_match,,,,Roxbury,"Roxbury, MA",MA
A0377,206 BLOOMFIELD ST,Hoboken,NJ,10003.0,,,4C,5B-14U-H-BA,NJOGIS Parcels & MOD-IV Composite,2026-10-01T22:50Z,match,"206 BLOOMFIELD ST, HOBOKEN, NJ, 07030",-74.031363571985,40.738998730944,Hoboken,"Hoboken, NJ",NJ
A0378,4053 IDAHO ST,San Diego,CA,92104.0,,9.0,14,SANDAG asr_landuse 14-16 (5+ units),SANDAG/SanGIS parcels,2026-10-01T22:50Z,match,"4053 IDAHO ST, SAN DIEGO, CA, 92104",-117.133775905803,32.751323560417,San Diego,"San Diego, CA",CA
A0379,1336 BRUNNER ST,San Diego,CA,92110.0,,12.0,14,SANDAG asr_landuse 14-16 (5+ units),SANDAG/SanGIS parcels,2026-10-01T22:50Z,match,"1336 BRUNNER ST, SAN DIEGO, CA, 92110",-117.189895788824,32.769172247535,San Diego,"San Diego, CA",CA
A0380,GREENVILLE ST,Roxbury,MA,2119.0,,,A/125,SUBSD HOUSING S- 8,Boston Property Assessment FY2026,2026-10-01T22:50Z,no_match,,,,Roxbury,"Roxbury, MA",MA
A0381,521-523 MARKET ST,Newark,NJ,7105.0,,,4C,3S.B.,NJOGIS Parcels & MOD-IV Composite,2026-10-01T22:50Z,match,"523 MARKET ST, NEWARK, NJ, 07105",-74.155856508272,40.732015014036,Newark,"Newark, NJ",NJ
A0382,119 DAY ST,San Francisco,CA,,1964.0,10.0,A5,Apartment 5 to 14 Units,DataSF wv5m-vpq2 (2025 roll),2026-10-01T22:50Z,match,"119 DAY ST, SAN FRANCISCO, CA, 94131",-122.425132126354,37.742927740317,San Francisco,"San Francisco, CA",CA
A0383,1908 CALIFORNIA ST,Berkeley,CA,94703.0,,,7700,Alameda County use code (5+ units),Alameda County parcels,2026-10-01T22:50Z,match,"1908 CALIFORNIA ST, BERKELEY, CA, 94703",-122.280023113182,37.872036512971,Berkeley,"Berkeley, CA",CA
A0384,21 GUERRERO ST,San Francisco,CA,,1925.0,7.0,A5,Apartment 5 to 14 Units,DataSF wv5m-vpq2 (2025 roll),2026-10-01T22:50Z,no_match,,,,San Francisco,"San Francisco, CA",CA
A0385,1059 UNION ST,San Francisco,CA,,1986.0,16.0,A15,Apartment 15 Units or more,DataSF wv5m-vpq2 (2025 roll),2026-10-01T22:50Z,match,"1059 UNION ST, SAN FRANCISCO, CA, 94133",-122.416408067433,37.79947735291,San Francisco,"San Francisco, CA",CA
A0386,3654 ARIZONA ST,San Diego,CA,92104.0,,7.0,14,SANDAG asr_landuse 14-16 (5+ units),SANDAG/SanGIS parcels,2026-10-01T22:50Z,match,"3654 ARIZONA ST, SAN DIEGO, CA, 92104",-117.1379712012,32.744723856404,San Diego,"San Diego, CA",CA
A0387,10303 CAMINITO ALVAREZ,San Diego,CA,92126.0,,152.0,16,SANDAG asr_landuse 14-16 (5+ units),SANDAG/SanGIS parcels,2026-10-01T22:50Z,match,"10303 CMT ALVAREZ, SAN DIEGO, CA, 92126",-117.169286391696,32.9053438981,San Diego,"San Diego, CA",CA
A0388,157-155 CLERK ST.,Jersey City,NJ,7305.0,,,4C,3S-F-D-6U-H,NJOGIS Parcels & MOD-IV Composite,2026-10-01T22:50Z,match,"155 CLERK ST, JERSEY CITY, NJ, 07305",-74.075725799324,40.708921674003,Jersey City,"Jersey City, NJ",NJ
A0389,923 GARDEN ST,Hoboken,NJ,7068.0,,,4C,5B-10U-H-BA,NJOGIS Parcels & MOD-IV Composite,2026-10-01T22:50Z,match,"923 GARDEN ST, HOBOKEN, NJ, 07030",-74.029472700113,40.747908908406,Hoboken,"Hoboken, NJ",NJ
A0390,70 DARCY ST,Newark,NJ,7202.0,,,4C,3S.F.,NJOGIS Parcels & MOD-IV Composite,2026-10-01T22:50Z,match,"70 DARCY ST, NEWARK, NJ, 07105",-74.149929644264,40.726005356196,Newark,"Newark, NJ",NJ
A0391,265 22ND ST,San Diego,CA,92102.0,,9.0,14,SANDAG asr_landuse 14-16 (5+ units),SANDAG/SanGIS parcels,2026-10-01T22:50Z,match,"265 22ND ST, SAN DIEGO, CA, 92102",-117.143904241304,32.707989329138,San Diego,"San Diego, CA",CA
A0392,4545 N 39TH ST,San Diego,CA,92116.0,,7.0,14,SANDAG asr_landuse 14-16 (5+ units),SANDAG/SanGIS parcels,2026-10-01T22:50Z,match,"4545 39TH ST, SAN DIEGO, CA, 92116",-117.110733157421,32.759875365223,San Diego,"San Diego, CA",CA
A0393,91 JORDAN AVE.,Jersey City,NJ,7081.0,,,4C,4S-BA-21U-H,NJOGIS Parcels & MOD-IV Composite,2026-10-01T22:50Z,match,"91 JORDAN AVE, JERSEY CITY, NJ, 07306",-74.064895908212,40.72674257266,Jersey City,"Jersey City, NJ",NJ
A0394,45 RAVINE AVE.,Jersey City,NJ,7302.0,1912.0,,4C,3S-B-A-13U-H,NJOGIS Parcels & MOD-IV Composite,2026-10-01T22:50Z,match,"45 RAVINE AVE, JERSEY CITY, NJ, 07307",-74.049129869145,40.74028302667,Jersey City,"Jersey City, NJ",NJ
A0395,1632 RUSSELL ST,Berkeley,CA,94703.0,,,7700,Alameda County use code (5+ units),Alameda County parcels,2026-10-01T22:50Z,match,"1632 RUSSELL ST, BERKELEY, CA, 94703",-122.275797862561,37.85541480374,Berkeley,"Berkeley, CA",CA
A0396,3244 CLAIREMONT DR,San Diego,CA,92117.0,,6.0,14,SANDAG asr_landuse 14-16 (5+ units),SANDAG/SanGIS parcels,2026-10-01T22:50Z,match,"3244 CLAIREMONT DR, SAN DIEGO, CA, 92117",-117.195770657922,32.800141615463,San Diego,"San Diego, CA",CA
A0397,1677 BUSH ST,San Francisco,CA,,1900.0,21.0,A15,Apartment 15 Units or more,DataSF wv5m-vpq2 (2025 roll),2026-10-01T22:50Z,match,"1677 BUSH ST, SAN FRANCISCO, CA, 94109",-122.424817163952,37.788065631555,San Francisco,"San Francisco, CA",CA
A0398,890 GREEN ST,San Francisco,CA,,1908.0,5.0,TIC,TIC Bldg 4 units or less,DataSF wv5m-vpq2 (2025 roll),2026-10-01T22:50Z,match,"890 GREEN ST, SAN FRANCISCO, CA, 94133",-122.413748040152,37.798969157635,San Francisco,"San Francisco, CA",CA
A0399,227 WILLOW AVE,Hoboken,NJ,7643.0,,,4C,4B-9U,NJOGIS Parcels & MOD-IV Composite,2026-10-01T22:50Z,match,"227 WILLOW AVE, HOBOKEN, NJ, 07030",-74.033923758593,40.739690854009,Hoboken,"Hoboken, NJ",NJ
A0400,174 MT PROSPECT AVE,Newark,NJ,7107.0,,,4C,3SB,NJOGIS Parcels & MOD-IV Composite,2026-10-01T22:50Z,no_match,,,,Newark,"Newark, NJ",NJ
A0401,257 14TH ST,San Francisco,CA,,1908.0,6.0,A5,Apartment 5 to 14 Units,DataSF wv5m-vpq2 (2025 roll),2026-10-01T22:50Z,match,"257 14TH ST, SAN FRANCISCO, CA, 94103",-122.419001453676,37.768275245554,San Francisco,"San Francisco, CA",CA
A0402,2914 LARKIN ST,San Francisco,CA,,1900.0,5.0,F5,Flats 5 to 14 units,DataSF wv5m-vpq2 (2025 roll),2026-10-01T22:50Z,match,"2914 LARKIN ST, SAN FRANCISCO, CA, 94109",-122.421779262494,37.804747750317,San Francisco,"San Francisco, CA",CA
A0403,45 Myrtle ST,Boston,MA,2114.0,1899.0,,A/125,SUBSD HOUSING S- 8,Boston Property Assessment FY2026,2026-10-01T22:50Z,match,"45 MYRTLE ST, BOSTON, MA, 02114",-71.066075463637,42.359416672345,Boston,"Boston, MA",MA
A0404,240 BOWERS ST.,Jersey City,NJ,7603.0,1900.0,,4C,3S-F-D-8U-H,NJOGIS Parcels & MOD-IV Composite,2026-10-01T22:50Z,match,"240 BOWERS ST, JERSEY CITY, NJ, 07307",-74.053172054328,40.749176716976,Jersey City,"Jersey City, NJ",NJ
A0405,10214 FERNGLEN AVE,Los Angeles,CA,91042.0,2008.0,6.0,0500,Five or more apartments,LA County eGIS parcels,2026-10-01T22:50Z,match,"10214 FERNGLEN AVE, TUJUNGA, CA, 91042",-118.294269681844,34.254405539147,Tujunga,"Tujunga, CA",CA
A0406,170 W Springfield ST,Boston,MA,2118.0,1899.0,,A/125,SUBSD HOUSING S- 8,Boston Property Assessment FY2026,2026-10-01T22:50Z,match,"170 W SPRINGFIELD ST, BOSTON, MA, 02118",-71.079433474181,42.339468331482,Boston,"Boston, MA",MA
A0407,4188 GREENBUSH AVE,Los Angeles,CA,91423.0,1964.0,10.0,0500,Five or more apartments,LA County eGIS parcels,2026-10-01T22:50Z,match,"4188 GREENBUSH AVE, SHERMAN OAKS, CA, 91423",-118.426009923389,34.146796782796,Sherman Oaks,"Sherman Oaks, CA",CA
A0408,14375 POLK ST,Los Angeles,CA,91342.0,1964.0,23.0,0500,Five or more apartments,LA County eGIS parcels,2026-10-01T22:50Z,match,"14375 POLK ST, SYLMAR, CA, 91342",-118.446247129705,34.310760350581,Sylmar,"Sylmar, CA",CA
A0409,4428 GRESHAM ST,San Diego,CA,92109.0,,5.0,14,SANDAG asr_landuse 14-16 (5+ units),SANDAG/SanGIS parcels,2026-10-01T22:50Z,match,"4428 GRESHAM ST, SAN DIEGO, CA, 92109",-117.244179056101,32.79763108496,San Diego,"San Diego, CA",CA
A0410,319 SUMMIT AVE.,Jersey City,NJ,7306.0,1920.0,,4C,4-S-BT-21U-H,NJOGIS Parcels & MOD-IV Composite,2026-10-01T22:50Z,match,"319 SUMMIT AVE, JERSEY CITY, NJ, 07306",-74.064026798734,40.726387646101,Jersey City,"Jersey City, NJ",NJ
A0411,1833 BERKELEY WAY,Berkeley,CA,94703.0,,,7200,Alameda County use code (5+ units),Alameda County parcels,2026-10-01T22:50Z,match,"1833 BERKELEY WAY, BERKELEY, CA, 94703",-122.27465308516,37.87232876757,Berkeley,"Berkeley, CA",CA
A0412,229-231 GRAFTON AVE,Newark,NJ,7003.0,,,4C,3SF,NJOGIS Parcels & MOD-IV Composite,2026-10-01T22:50Z,match,"231 GRAFTON AVE, NEWARK, NJ, 07104",-74.167287967397,40.778250739849,Newark,"Newark, NJ",NJ
A0413,2209 GRAND AVE,San Diego,CA,92109.0,,8.0,14,SANDAG asr_landuse 14-16 (5+ units),SANDAG/SanGIS parcels,2026-10-01T22:50Z,match,"2209 GRAND AVE, SAN DIEGO, CA, 92109",-117.229073590912,32.800271149641,San Diego,"San Diego, CA",CA
A0414,1987 CALIFORNIA ST,San Francisco,CA,,1922.0,9.0,A5,Apartment 5 to 14 Units,DataSF wv5m-vpq2 (2025 roll),2026-10-01T22:50Z,match,"1987 CALIFORNIA ST, SAN FRANCISCO, CA, 94109",-122.426993113372,37.789718887946,San Francisco,"San Francisco, CA",CA
A0415,95 WAYNE ST.,Jersey City,NJ,7302.0,,,4C,4S-B-A-46U-H,NJOGIS Parcels & MOD-IV Composite,2026-10-01T22:50Z,match,"95 WAYNE ST, JERSEY CITY, NJ, 07302",-74.046863038788,40.719860194431,Jersey City,"Jersey City, NJ",NJ
A0416,882 PAVONIA AVE.,Jersey City,NJ,10281.0,,,4C,5S-BT-B-C-21U-H,NJOGIS Parcels & MOD-IV Composite,2026-10-01T22:50Z,match,"882 PAVONIA AVE, JERSEY CITY, NJ, 07306",-74.069855824873,40.734106488592,Jersey City,"Jersey City, NJ",NJ
A0417,4957 CAHUENGA BLVD,Los Angeles,CA,91601.0,,5.0,0500,Five or more apartments,LA County eGIS parcels,2026-10-01T22:50Z,match,"4957 CAHUENGA BLVD, NORTH HOLLYWOOD, CA, 91601",-118.361590637042,34.160498077424,North Hollywood,"North Hollywood, CA",CA
A0418,221 SIP AVE.,Jersey City,NJ,7009.0,,,4C,3S-FD-12U-H,NJOGIS Parcels & MOD-IV Composite,2026-10-01T22:50Z,match,"221 SIP AVE, JERSEY CITY, NJ, 07306",-74.070139397713,40.731794725913,Jersey City,"Jersey City, NJ",NJ
A0419,1538 HENRY ST,Berkeley,CA,94709.0,,,7700,Alameda County use code (5+ units),Alameda County parcels,2026-10-01T22:50Z,match,"1538 HENRY ST, BERKELEY, CA, 94709",-122.2705189327,37.879313015271,Berkeley,"Berkeley, CA",CA
A0420,4419 CLEVELAND AVE,San Diego,CA,92116.0,,10.0,14,SANDAG asr_landuse 14-16 (5+ units),SANDAG/SanGIS parcels,2026-10-01T22:50Z,match,"4419 CLEVELAND AVE, SAN DIEGO, CA, 92116",-117.149951913385,32.757581273133,San Diego,"San Diego, CA",CA
A0421,17106 CHATSWORTH ST   APT 0001,Los Angeles,CA,91344.0,1964.0,6.0,0500,Five or more apartments,LA County eGIS parcels,2026-10-01T22:50Z,match,"17106 CHATSWORTH ST, GRANADA HILLS, CA, 91344",-118.505814381942,34.264737200693,Granada Hills,"Granada Hills, CA",CA
A0422,21-23 Marion St,Cambridge,MA,,1900.0,6.0,111,4-8-UNIT-APT,Cambridge Property Database FY2026 (waa7-ibdu),2026-10-01T22:50Z,match,"23 MARION ST, CAMBRIDGE, MA, 02141",-71.088992232886,42.372408944103,Cambridge,"Cambridge, MA",MA
A0423,10 CAMELOT CT,Brighton,MA,2135.0,1965.0,,A/112,APT 7-30 UNITS,Boston Property Assessment FY2026,2026-10-01T22:50Z,match,"10 CAMELOT CT, BRIGHTON, MA, 02135",-71.141330315148,42.349362810146,Brighton,"Brighton, MA",MA
A0424,208 JEFFERSON ST,Hoboken,NJ,7030.0,,,4C,4F-8U,NJOGIS Parcels & MOD-IV Composite,2026-10-01T22:50Z,match,"208 JEFFERSON ST, HOBOKEN, NJ, 07030",-74.037883549718,40.740157173654,Hoboken,"Hoboken, NJ",NJ
A0425,650 POST ST,San Francisco,CA,,1916.0,23.0,A15,Apartment 15 Units or more,DataSF wv5m-vpq2 (2025 roll),2026-10-01T22:50Z,match,"650 POST ST, SAN FRANCISCO, CA, 94109",-122.412614041685,37.787814500247,San Francisco,"San Francisco, CA",CA
A0426,1307 COLUSA ST,San Diego,CA,92110.0,,12.0,14,SANDAG asr_landuse 14-16 (5+ units),SANDAG/SanGIS parcels,2026-10-01T22:50Z,match,"1307 COLUSA ST, SAN DIEGO, CA, 92110",-117.190773729749,32.768532440161,San Diego,"San Diego, CA",CA
A0427,7665 FOUNTAIN AVE,Los Angeles,CA,90046.0,1986.0,15.0,0500,Five or more apartments,LA County eGIS parcels,2026-10-01T22:50Z,match,"7665 W FOUNTAIN AVE, LOS ANGELES, CA, 90046",-118.356732566622,34.094477803207,Los Angeles,"Los Angeles, CA",CA
A0428,312-314 MT PROSPECT AVE,Newark,NJ,7109.0,,,4C,Apartments (class 4C),NJOGIS Parcels & MOD-IV Composite,2026-10-01T22:50Z,no_match,,,,Newark,"Newark, NJ",NJ
A0429,12 BLACKWOOD ST,Boston,MA,2115.0,1899.0,,A/112,APT 7-30 UNITS,Boston Property Assessment FY2026,2026-10-01T22:50Z,match,"12 BLACKWOOD ST, BOSTON, MA, 02115",-71.082683836307,42.34315888883,Boston,"Boston, MA",MA
A0430,1950 ADDISON ST,Berkeley,CA,94704.0,,,7800,Alameda County use code (5+ units),Alameda County parcels,2026-10-01T22:50Z,match,"1950 ADDISON ST, BERKELEY, CA, 94704",-122.272637519825,37.870562012406,Berkeley,"Berkeley, CA",CA
A0431,245 EUCLID AVE,San Diego,CA,92114.0,,5.0,14,SANDAG asr_landuse 14-16 (5+ units),SANDAG/SanGIS parcels,2026-10-01T22:50Z,match,"245 EUCLID AVE, SAN DIEGO, CA, 92114",-117.084936538347,32.706728960145,San Diego,"San Diego, CA",CA
A0432,14605 RAYEN ST,Los Angeles,CA,91402.0,1978.0,23.0,0500,Five or more apartments,LA County eGIS parcels,2026-10-01T22:50Z,match,"14605 RAYEN ST, PANORAMA CITY, CA, 91402",-118.450479396041,34.231842925425,Panorama City,"Panorama City, CA",CA
A0433,720 W 27TH ST,Los Angeles,CA,90007.0,1964.0,58.0,0501,Five or more apartments,LA County eGIS parcels,2026-10-01T22:50Z,match,"720 W 27TH ST, LOS ANGELES, CA, 90007",-118.278944633921,34.028044141305,Los Angeles,"Los Angeles, CA",CA
A0434,1225 HYDE ST,San Francisco,CA,,1913.0,8.0,A5,Apartment 5 to 14 Units,DataSF wv5m-vpq2 (2025 roll),2026-10-01T22:50Z,match,"1225 HYDE ST, SAN FRANCISCO, CA, 94109",-122.417712027591,37.792202707791,San Francisco,"San Francisco, CA",CA
A0435,310 MONROE ST,Hoboken,NJ,7632.0,,,4C,4B-8U-H,NJOGIS Parcels & MOD-IV Composite,2026-10-01T22:50Z,match,"310 MONROE ST, HOBOKEN, NJ, 07030",-74.039361820557,40.741775604922,Hoboken,"Hoboken, NJ",NJ
A0436,832 WILLOW AVE,Hoboken,NJ,7030.0,,,4C,5B-6B-25U-H-BA,NJOGIS Parcels & MOD-IV Composite,2026-10-01T22:50Z,match,"832 WILLOW AVE, HOBOKEN, NJ, 07030",-74.031844915269,40.747085607112,Hoboken,"Hoboken, NJ",NJ
A0437,2969 SAN MARINO ST,Los Angeles,CA,90006.0,2004.0,20.0,0500,Five or more apartments,LA County eGIS parcels,2026-10-01T22:50Z,match,"2969 SAN MARINO ST, LOS ANGELES, CA, 90006",-118.293871486247,34.05457350989,Los Angeles,"Los Angeles, CA",CA
A0438,60-62 CAMBRIDGE AVE,Jersey City,NJ,7430.0,,,4C,3S-F-A-12U-H,NJOGIS Parcels & MOD-IV Composite,2026-10-01T22:50Z,match,"62 CAMBRIDGE AVE, JERSEY CITY, NJ, 07307",-74.048682819823,40.744904276955,Jersey City,"Jersey City, NJ",NJ
A0439,225 25TH AV,San Francisco,CA,,1988.0,7.0,A5,Apartment 5 to 14 Units,DataSF wv5m-vpq2 (2025 roll),2026-10-01T22:50Z,match,"225 25TH AVE, SAN FRANCISCO, CA, 94121",-122.485184671551,37.78525700396,San Francisco,"San Francisco, CA",CA
A0440,4042 FULTON ST,San Francisco,CA,,1921.0,5.0,A5,Apartment 5 to 14 Units,DataSF wv5m-vpq2 (2025 roll),2026-10-01T22:50Z,match,"4042 FULTON ST, SAN FRANCISCO, CA, 94118",-122.47502114247,37.773046725887,San Francisco,"San Francisco, CA",CA
A0441,4017 ILLINOIS ST,San Diego,CA,92104.0,,6.0,14,SANDAG asr_landuse 14-16 (5+ units),SANDAG/SanGIS parcels,2026-10-01T22:50Z,match,"4017 ILLINOIS ST, SAN DIEGO, CA, 92104",-117.127623761555,32.750692356257,San Diego,"San Diego, CA",CA
A0442,7014 LANEWOOD AVE,Los Angeles,CA,90028.0,1986.0,18.0,0500,Five or more apartments,LA County eGIS parcels,2026-10-01T22:50Z,match,"7014 LANEWOOD AVE, LOS ANGELES, CA, 90028",-118.341876805569,34.099151448276,Los Angeles,"Los Angeles, CA",CA
A0443,3526 FAIRMOUNT AVE,San Diego,CA,92105.0,,16.0,15,SANDAG asr_landuse 14-16 (5+ units),SANDAG/SanGIS parcels,2026-10-01T22:50Z,match,"3526 FAIRMOUNT AVE, SAN DIEGO, CA, 92105",-117.101032546312,32.742658851729,San Diego,"San Diego, CA",CA
A0444,231 COMMONWEALTH AV,Boston,MA,2116.0,1899.0,,A/112,APT 7-30 UNITS,Boston Property Assessment FY2026,2026-10-01T22:50Z,match,"231 COMMONWEALTH AVE, BOSTON, MA, 02116",-71.082259034359,42.351030509952,Boston,"Boston, MA",MA
A0445,8790 VAN NUYS BLVD,Los Angeles,CA,91402.0,1977.0,25.0,0500,Five or more apartments,LA County eGIS parcels,2026-10-01T22:50Z,match,"8790 VAN NUYS BLVD, PANORAMA CITY, CA, 91402",-118.450185423298,34.229751001698,Panorama City,"Panorama City, CA",CA
A0446,610 COLUMBUS AV,Boston,MA,2118.0,1899.0,,A/112,APT 7-30 UNITS,Boston Property Assessment FY2026,2026-10-01T22:50Z,match,"610 COLUMBUS AVE, BOSTON, MA, 02118",-71.083459763098,42.339112790328,Boston,"Boston, MA",MA
A0447,208 CLINTON ST,Hoboken,NJ,7030.0,,,4C,5B-35U-G,NJOGIS Parcels & MOD-IV Composite,2026-10-01T22:50Z,match,"208 CLINTON ST, HOBOKEN, NJ, 07030",-74.035067789528,40.73966668696,Hoboken,"Hoboken, NJ",NJ
A0448,151-153 LAFAYETTE ST,Newark,NJ,7105.0,,,4C,3SB,NJOGIS Parcels & MOD-IV Composite,2026-10-01T22:50Z,match,"153 LAFAYETTE ST, NEWARK, NJ, 07105",-74.16637215896,40.730765527611,Newark,"Newark, NJ",NJ
A0449,338 CLINTON PL,Newark,NJ,8701.0,,,4C,3SB,NJOGIS Parcels & MOD-IV Composite,2026-10-01T22:50Z,match,"338 CLINTON PL, NEWARK, NJ, 07112",-74.215190276398,40.712312782686,Newark,"Newark, NJ",NJ
A0450,94 NEPTUNE AVE.,Jersey City,NJ,11211.0,,,4C,3S-F-D-6U-NH,NJOGIS Parcels & MOD-IV Composite,2026-10-01T22:50Z,match,"94 NEPTUNE AVE, JERSEY CITY, NJ, 07305",-74.094734510649,40.691942000511,Jersey City,"Jersey City, NJ",NJ
A0451,7300 VALMONT ST,Los Angeles,CA,91042.0,1989.0,8.0,0500,Five or more apartments,LA County eGIS parcels,2026-10-01T22:50Z,match,"7300 VALMONT ST, TUJUNGA, CA, 91042",-118.291114794412,34.252257110602,Tujunga,"Tujunga, CA",CA
A0452,1310 N LAS PALMAS AVE,Los Angeles,CA,90028.0,1952.0,8.0,0500,Five or more apartments,LA County eGIS parcels,2026-10-01T22:50Z,match,"1310 N LAS PALMAS AVE, LOS ANGELES, CA, 90028",-118.336242443207,34.094610686343,Los Angeles,"Los Angeles, CA",CA
A0453,11 Carlisle St,Cambridge,MA,,1910.0,6.0,111,4-8-UNIT-APT,Cambridge Property Database FY2026 (waa7-ibdu),2026-10-01T22:50Z,match,"11 CARLISLE ST, CAMBRIDGE, MA, 02139",-71.097785158487,42.372350092405,Cambridge,"Cambridge, MA",MA
A0454,8944 COLUMBUS AVE,Los Angeles,CA,91343.0,1959.0,6.0,0500,Five or more apartments,LA County eGIS parcels,2026-10-01T22:50Z,match,"8944 COLUMBUS AVE, NORTH HILLS, CA, 91343",-118.465331558771,34.232706363083,North Hills,"North Hills, CA",CA
A0455,78 STEVENS AVE.,Jersey City,NJ,7108.0,,,4C,4S-B-A-17U-H,NJOGIS Parcels & MOD-IV Composite,2026-10-01T22:50Z,match,"78 STEVENS AVE, JERSEY CITY, NJ, 07305",-74.087633111396,40.701284285212,Jersey City,"Jersey City, NJ",NJ
A0456,2151 CHATSWORTH BLVD,San Diego,CA,92107.0,,17.0,15,SANDAG asr_landuse 14-16 (5+ units),SANDAG/SanGIS parcels,2026-10-01T22:50Z,match,"2151 CHATSWORTH BLVD, SAN DIEGO, CA, 92107",-117.228546774402,32.738822467011,San Diego,"San Diego, CA",CA
A0457,1856 GREEN ST,San Francisco,CA,,1906.0,5.0,A5,Apartment 5 to 14 Units,DataSF wv5m-vpq2 (2025 roll),2026-10-01T22:50Z,match,"1856 GREEN ST, SAN FRANCISCO, CA, 94123",-122.429684738163,37.796928164046,San Francisco,"San Francisco, CA",CA
A0458,1670 E 48TH PL,Los Angeles,CA,90011.0,1963.0,6.0,0500,Five or more apartments,LA County eGIS parcels,2026-10-01T22:50Z,match,"1670 E 48TH PL, LOS ANGELES, CA, 90011",-118.243996855675,33.999307703621,Los Angeles,"Los Angeles, CA",CA
A0459,202 SOUTH ST.,Jersey City,NJ,7423.0,1915.0,,4C,3S-F-7U,NJOGIS Parcels & MOD-IV Composite,2026-10-01T22:50Z,match,"202 SOUTH ST, JERSEY CITY, NJ, 07307",-74.051069939161,40.750737802252,Jersey City,"Jersey City, NJ",NJ
A0460,223-229 SHEPHARD AVE,Newark,NJ,11204.0,,,4C,3SB,NJOGIS Parcels & MOD-IV Composite,2026-10-01T22:50Z,match,"229 SHEPHARD AVE, NEWARK, NJ, 07112",-74.211611863532,40.712390393489,Newark,"Newark, NJ",NJ
A0461,735 11TH AV,San Francisco,CA,,1923.0,5.0,A5,Apartment 5 to 14 Units,DataSF wv5m-vpq2 (2025 roll),2026-10-01T22:50Z,match,"735 11TH AVE, SAN FRANCISCO, CA, 94118",-122.469251256406,37.774456141897,San Francisco,"San Francisco, CA",CA
A0462,128 ST. PAULS AVE.,Jersey City,NJ,11211.0,1890.0,,4C,3S-F-D-6U,NJOGIS Parcels & MOD-IV Composite,2026-10-01T22:50Z,match,"128 ST PAULS AVE, JERSEY CITY, NJ, 07306",-74.05676729519,40.736518619808,Jersey City,"Jersey City, NJ",NJ
A0463,4 BEECHWOOD ST,Dorchester,MA,2121.0,2007.0,,A/125,SUBSD HOUSING S- 8,Boston Property Assessment FY2026,2026-10-01T22:50Z,match,"4 BEECHWOOD ST, DORCHESTER, MA, 02121",-71.074772762892,42.30507257807,Dorchester,"Dorchester, MA",MA
A0464,2-98 DABNEY ST,Roxbury,MA,2119.0,1966.0,,A/125,SUBSD HOUSING S- 8,Boston Property Assessment FY2026,2026-10-01T22:50Z,match,"98 DABNEY ST, ROXBURY, MA, 02119",-71.084731974369,42.324057161703,Roxbury,"Roxbury, MA",MA
A0465,141 Oxford St,Cambridge,MA,,1915.0,8.0,111,4-8-UNIT-APT,Cambridge Property Database FY2026 (waa7-ibdu),2026-10-01T22:50Z,match,"141 OXFORD ST, CAMBRIDGE, MA, 02140",-71.116210705332,42.385287646163,Cambridge,"Cambridge, MA",MA
A0466,115 NORWAY ST,Boston,MA,2115.0,1920.0,,A/112,APT 7-30 UNITS,Boston Property Assessment FY2026,2026-10-01T22:50Z,match,"115 NORWAY ST, BOSTON, MA, 02115",-71.088829313111,42.345351761852,Boston,"Boston, MA",MA
A0467,24 ST ALBANS RD,Boston,MA,2115.0,1923.0,,A/125,SUBSD HOUSING S- 8,Boston Property Assessment FY2026,2026-10-01T22:50Z,match,"24 ST ALBANS RD, BOSTON, MA, 02115",-71.106997184859,42.333878417918,Boston,"Boston, MA",MA
A0468,13 Shepard St,Cambridge,MA,,1910.0,6.0,111,4-8-UNIT-APT,Cambridge Property Database FY2026 (waa7-ibdu),2026-10-01T22:50Z,match,"13 SHEPARD ST, CAMBRIDGE, MA, 02138",-71.121015754447,42.381661514871,Cambridge,"Cambridge, MA",MA
A0469,2701 SHATTUCK AVE,Berkeley,CA,94705.0,,,7700,Alameda County use code (5+ units),Alameda County parcels,2026-10-01T22:50Z,match,"2701 SHATTUCK AVE, BERKELEY, CA, 94705",-122.266948509568,37.860021095027,Berkeley,"Berkeley, CA",CA
A0470,1919 CURTIS ST,Berkeley,CA,94702.0,,,7700,Alameda County use code (5+ units),Alameda County parcels,2026-10-01T22:50Z,match,"1919 CURTIS ST, BERKELEY, CA, 94702",-122.289620577483,37.870650504933,Berkeley,"Berkeley, CA",CA
A0471,332-334 GARDEN ST,Hoboken,NJ,7604.0,,,4C,4 1/2B-10U-BA,NJOGIS Parcels & MOD-IV Composite,2026-10-01T22:50Z,match,"334 GARDEN ST, HOBOKEN, NJ, 07030",-74.031817207369,40.74074767044,Hoboken,"Hoboken, NJ",NJ
A0472,321 WILLOW AVE,Hoboken,NJ,7030.0,,,4C,5B-12U-BA,NJOGIS Parcels & MOD-IV Composite,2026-10-01T22:50Z,match,"321 WILLOW AVE, HOBOKEN, NJ, 07030",-74.033572724402,40.740882326316,Hoboken,"Hoboken, NJ",NJ
A0473,20 Phillips ST,Boston,MA,2114.0,1899.0,,A/112,APT 7-30 UNITS,Boston Property Assessment FY2026,2026-10-01T22:50Z,match,"20 PHILLIPS ST, BOSTON, MA, 02114",-71.067296757754,42.360298905905,Boston,"Boston, MA",MA
A0474,3438 MCKINLEY AVE,Los Angeles,CA,90011.0,1928.0,8.0,0500,Five or more apartments,LA County eGIS parcels,2026-10-01T22:50Z,match,"3438 MCKINLEY AVE, LOS ANGELES, CA, 90011",-118.260382953065,34.012650923784,Los Angeles,"Los Angeles, CA",CA
A0475,361 FIRST ST,Hoboken,NJ,7030.0,,,4C,4B-7U-H,NJOGIS Parcels & MOD-IV Composite,2026-10-01T22:50Z,match,"361 1ST ST, HOBOKEN, NJ, 07030",-74.035828506414,40.73824152843,Hoboken,"Hoboken, NJ",NJ
A0476,26-28 COTTAGE ST,Newark,NJ,7840.0,,,4C,2SF2UG,NJOGIS Parcels & MOD-IV Composite,2026-10-01T22:50Z,match,"28 COTTAGE ST, NEWARK, NJ, 07102",-74.171964638319,40.728822422354,Newark,"Newark, NJ",NJ
A0477,2250 MISSION ST,San Francisco,CA,,1975.0,19.0,A15,Apartment 15 Units or more,DataSF wv5m-vpq2 (2025 roll),2026-10-01T22:50Z,match,"2250 MISSION ST, SAN FRANCISCO, CA, 94110",-122.419353294864,37.761016013708,San Francisco,"San Francisco, CA",CA
A0478,3860 CHEROKEE AVE,San Diego,CA,92104.0,,9.0,14,SANDAG asr_landuse 14-16 (5+ units),SANDAG/SanGIS parcels,2026-10-01T22:50Z,match,"3860 CHEROKEE AVE, SAN DIEGO, CA, 92104",-117.114420057856,32.748446614415,San Diego,"San Diego, CA",CA
A0479,12948 MOORPARK ST,Los Angeles,CA,91604.0,1990.0,8.0,0500,Five or more apartments,LA County eGIS parcels,2026-10-01T22:50Z,match,"12948 MOORPARK ST, STUDIO CITY, CA, 91604",-118.415275590675,34.150301392175,Studio City,"Studio City, CA",CA
A0480,4046 N 43RD ST,San Diego,CA,92105.0,,11.0,14,SANDAG asr_landuse 14-16 (5+ units),SANDAG/SanGIS parcels,2026-10-01T22:50Z,match,"4046 43RD ST, SAN DIEGO, CA, 92105",-117.102033252477,32.750481775488,San Diego,"San Diego, CA",CA
A0481,536 LEAVENWORTH ST,San Francisco,CA,,1925.0,63.0,A15,Apartment 15 Units or more,DataSF wv5m-vpq2 (2025 roll),2026-10-01T22:50Z,match,"536 LEAVENWORTH ST, SAN FRANCISCO, CA, 94109",-122.414634028725,37.786028326648,San Francisco,"San Francisco, CA",CA
A0482,101 CLIFTON PL.,Jersey City,NJ,10982.0,,,4C,4S-B-A-25U-H,NJOGIS Parcels & MOD-IV Composite,2026-10-01T22:50Z,match,"101 CLIFTON PL, JERSEY CITY, NJ, 07304",-74.06487503221,40.721027897402,Jersey City,"Jersey City, NJ",NJ
A0483,1580 MARKET ST,San Francisco,CA,,1917.0,72.0,A15,Apartment 15 Units or more,DataSF wv5m-vpq2 (2025 roll),2026-10-01T22:50Z,match,"1580 MARKET ST, SAN FRANCISCO, CA, 94102",-122.420119239496,37.774588554781,San Francisco,"San Francisco, CA",CA
A0484,1801 08TH AV,San Francisco,CA,,1948.0,5.0,A5,Apartment 5 to 14 Units,DataSF wv5m-vpq2 (2025 roll),2026-10-01T22:50Z,no_match,,,,San Francisco,"San Francisco, CA",CA
A0485,296-302 Western Ave,Cambridge,MA,,1920.0,6.0,111,4-8-UNIT-APT,Cambridge Property Database FY2026 (waa7-ibdu),2026-10-01T22:50Z,match,"302 WESTERN AVE, CAMBRIDGE, MA, 02139",-71.112809787533,42.364518126675,Cambridge,"Cambridge, MA",MA
A0486,2280 MISSION ST,San Francisco,CA,,1910.0,9.0,A5,Apartment 5 to 14 Units,DataSF wv5m-vpq2 (2025 roll),2026-10-01T22:50Z,match,"2280 MISSION ST, SAN FRANCISCO, CA, 94110",-122.419309809634,37.760560895514,San Francisco,"San Francisco, CA",CA
A0487,2118 FILLMORE ST,San Francisco,CA,,1900.0,11.0,A5,Apartment 5 to 14 Units,DataSF wv5m-vpq2 (2025 roll),2026-10-01T22:50Z,match,"2118 FILLMORE ST, SAN FRANCISCO, CA, 94115",-122.433810595937,37.789124926129,San Francisco,"San Francisco, CA",CA
A0488,197 BEACON ST,Boston,MA,2116.0,1900.0,,A/112,APT 7-30 UNITS,Boston Property Assessment FY2026,2026-10-01T22:50Z,match,"197 BEACON ST, BOSTON, MA, 02116",-71.076768182377,42.354230756113,Boston,"Boston, MA",MA
A0489,204 GRAND ST,Hoboken,NJ,6901.0,2000.0,,4C,6B-30U-G,NJOGIS Parcels & MOD-IV Composite,2026-10-01T22:50Z,match,"204 GRAND ST, HOBOKEN, NJ, 07030",-74.036041272823,40.739786868515,Hoboken,"Hoboken, NJ",NJ
A0490,526 ADAMS ST,Hoboken,NJ,7030.0,,,4C,4F-8U-C/3F-2U,NJOGIS Parcels & MOD-IV Composite,2026-10-01T22:50Z,match,"526 ADAMS ST, HOBOKEN, NJ, 07030",-74.035830171347,40.743676400471,Hoboken,"Hoboken, NJ",NJ
A0491,37 IRVING ST,Newark,NJ,7104.0,,,4C,3SF,NJOGIS Parcels & MOD-IV Composite,2026-10-01T22:50Z,match,"37 IRVING ST, NEWARK, NJ, 07104",-74.158667478138,40.778727063623,Newark,"Newark, NJ",NJ
A0492,800 S HARVARD BLVD,Los Angeles,CA,90005.0,2019.0,131.0,0551,Five or more apartments,LA County eGIS parcels,2026-10-01T22:50Z,match,"800 S HARVARD BLVD, LOS ANGELES, CA, 90005",-118.304091662787,34.057623861111,Los Angeles,"Los Angeles, CA",CA
A0493,4450 GEARY BL,San Francisco,CA,,1916.0,10.0,A5,Apartment 5 to 14 Units,DataSF wv5m-vpq2 (2025 roll),2026-10-01T22:50Z,match,"4450 GEARY BLVD, SAN FRANCISCO, CA, 94118",-122.466976349979,37.781029854011,San Francisco,"San Francisco, CA",CA
A0494,2641 FRANKLIN ST,San Francisco,CA,,1923.0,6.0,A5,Apartment 5 to 14 Units,DataSF wv5m-vpq2 (2025 roll),2026-10-01T22:50Z,match,"2641 FRANKLIN ST, SAN FRANCISCO, CA, 94123",-122.425776460433,37.798725772954,San Francisco,"San Francisco, CA",CA
A0495,230 VAN HORNE ST.,Jersey City,NJ,11219.0,1895.0,,4C,3S-B-D-6U-NH,NJOGIS Parcels & MOD-IV Composite,2026-10-01T22:50Z,match,"230 VAN HORNE ST, JERSEY CITY, NJ, 07304",-74.063078920845,40.713022199008,Jersey City,"Jersey City, NJ",NJ
A0496,512 32ND ST,San Diego,CA,92102.0,,8.0,14,SANDAG asr_landuse 14-16 (5+ units),SANDAG/SanGIS parcels,2026-10-01T22:50Z,match,"512 32ND ST, SAN DIEGO, CA, 92102",-117.125336741291,32.710782090084,San Diego,"San Diego, CA",CA
A0497,3750 29TH ST,San Diego,CA,92104.0,,5.0,14,SANDAG asr_landuse 14-16 (5+ units),SANDAG/SanGIS parcels,2026-10-01T22:50Z,match,"3750 29TH ST, SAN DIEGO, CA, 92104",-117.131053086987,32.74637529596,San Diego,"San Diego, CA",CA
A0498,684-686 SUMMER AVE,Newark,NJ,7644.0,,,4C,3SB,NJOGIS Parcels & MOD-IV Composite,2026-10-01T22:50Z,match,"686 SUMMER AVE, NEWARK, NJ, 07104",-74.163386701052,40.775387981092,Newark,"Newark, NJ",NJ
A0499,8519 WILLIS AVE,Los Angeles,CA,91402.0,1962.0,33.0,0501,Five or more apartments,LA County eGIS parcels,2026-10-01T22:50Z,match,"8519 WILLIS AVE, PANORAMA CITY, CA, 91402",-118.455356959313,34.225076986186,Panorama City,"Panorama City, CA",CA
A0500,8811 BURNET AVE,Los Angeles,CA,91343.0,1954.0,36.0,0500,Five or more apartments,LA County eGIS parcels,2026-10-01T22:50Z,match,"8811 BURNET AVE, NORTH HILLS, CA, 91343",-118.463342888059,34.230253637086,North Hills,"North Hills, CA",CA
